time_s,mean,std,seed0,seed1,seed2,seed3,seed4
100.00,1.000000,0.000000,1.000000,1.000000,1.000000,1.000000,1.000000
100.25,1.000000,0.000000,1.000000,1.000000,1.000000,1.000000,1.000000
100.50,1.000000,0.000000,1.000000,1.000000,1.000000,1.000000,1.000000
100.75,1.000000,0.000000,1.000000,1.000000,1.000000,1.000000,1.000000
101.00,1.000000,0.000000,1.000000,1.000000,1.000000,1.000000,1.000000
101.25,1.000000,0.000000,1.000000,1.000000,1.000000,1.000000,1.000000
101.50,1.000000,0.000000,1.000000,1.000000,1.000000,1.000000,1.000000
101.75,1.000000,0.000000,1.000000,1.000000,1.000000,1.000000,1.000000
102.00,1.000000,0.000000,1.000000,1.000000,1.000000,1.000000,1.000000
102.25,1.000000,0.000000,1.000000,1.000000,1.000000,1.000000,1.000000
102.50,1.000000,0.000000,1.000000,1.000000,1.000000,1.000000,1.000000
102.75,1.000000,0.000000,1.000000,1.000000,1.000000,1.000000,1.000000
103.00,1.000000,0.000000,1.000000,1.000000,1.000000,1.000000,1.000000
103.25,1.000000,0.000000,1.000000,1.000000,1.000000,1.000000,1.000000
103.50,1.000000,0.000000,1.000000,1.000000,1.000000,1.000000,1.000000
103.75,1.000000,0.000000,1.000000,1.000000,1.000000,1.000000,1.000000
104.00,1.000000,0.000000,1.000000,1.000000,1.000000,1.000000,1.000000
104.25,1.000000,0.000000,1.000000,1.000000,1.000000,1.000000,1.000000
104.50,1.000000,0.000000,1.000000,1.000000,1.000000,1.000000,1.000000
104.75,1.000000,0.000000,1.000000,1.000000,1.000000,1.000000,1.000000
105.00,1.000000,0.000000,1.000000,1.000000,1.000000,1.000000,1.000000
105.25,1.000000,0.000000,1.000000,1.000000,1.000000,1.000000,1.000000
105.50,1.000000,0.000000,1.000000,1.000000,1.000000,1.000000,1.000000
105.75,1.000000,0.000000,1.000000,1.000000,1.000000,1.000000,1.000000
106.00,1.000000,0.000000,1.000000,1.000000,1.000000,1.000000,1.000000
106.25,1.000000,0.000000,1.000000,1.000000,1.000000,1.000000,1.000000
106.50,1.000000,0.000000,1.000000,1.000000,1.000000,1.000000,1.000000
106.75,1.000000,0.000000,1.000000,1.000000,1.000000,1.000000,1.000000
107.00,1.000000,0.000000,1.000000,1.000000,1.000000,1.000000,1.000000
107.25,1.000000,0.000000,1.000000,1.000000,1.000000,1.000000,1.000000
107.50,1.000000,0.000000,1.000000,1.000000,1.000000,1.000000,1.000000
107.75,1.000000,0.000000,1.000000,1.000000,1.000000,1.000000,1.000000
108.00,1.000000,0.000000,1.000000,1.000000,1.000000,1.000000,1.000000
108.25,1.000000,0.000000,1.000000,1.000000,1.000000,1.000000,1.000000
108.50,1.000000,0.000000,1.000000,1.000000,1.000000,1.000000,1.000000
108.75,1.000000,0.000000,1.000000,1.000000,1.000000,1.000000,1.000000
109.00,1.000000,0.000000,1.000000,1.000000,1.000000,1.000000,1.000000
109.25,1.000000,0.000000,1.000000,1.000000,1.000000,1.000000,1.000000
109.50,1.000000,0.000000,1.000000,1.000000,1.000000,1.000000,1.000000
109.75,1.000000,0.000000,1.000000,1.000000,1.000000,1.000000,1.000000
110.00,1.000000,0.000000,1.000000,1.000000,1.000000,1.000000,1.000000
110.25,1.000000,0.000000,1.000000,1.000000,1.000000,1.000000,1.000000
110.50,1.000000,0.000000,1.000000,1.000000,1.000000,1.000000,1.000000
110.75,1.000000,0.000000,1.000000,1.000000,1.000000,1.000000,1.000000
111.00,1.000000,0.000000,1.000000,1.000000,1.000000,1.000000,1.000000
111.25,1.000000,0.000000,1.000000,1.000000,1.000000,1.000000,1.000000
111.50,1.000000,0.000000,1.000000,1.000000,1.000000,1.000000,1.000000
111.75,1.000000,0.000000,1.000000,1.000000,1.000000,1.000000,1.000000
112.00,1.000000,0.000000,1.000000,1.000000,1.000000,1.000000,1.000000
112.25,1.000000,0.000000,1.000000,1.000000,1.000000,1.000000,1.000000
112.50,1.000000,0.000000,1.000000,1.000000,1.000000,1.000000,1.000000
112.75,1.000000,0.000000,1.000000,1.000000,1.000000,1.000000,1.000000
113.00,1.000000,0.000000,1.000000,1.000000,1.000000,1.000000,1.000000
113.25,1.000000,0.000000,1.000000,1.000000,1.000000,1.000000,1.000000
113.50,1.000000,0.000000,1.000000,1.000000,1.000000,1.000000,1.000000
113.75,1.000000,0.000000,1.000000,1.000000,1.000000,1.000000,1.000000
114.00,1.000000,0.000000,1.000000,1.000000,1.000000,1.000000,1.000000
114.25,1.000000,0.000000,1.000000,1.000000,1.000000,1.000000,1.000000
114.50,1.000000,0.000000,1.000000,1.000000,1.000000,1.000000,1.000000
114.75,1.000000,0.000000,1.000000,1.000000,1.000000,1.000000,1.000000
115.00,1.000000,0.000000,1.000000,1.000000,1.000000,1.000000,1.000000
115.25,1.000000,0.000000,1.000000,1.000000,1.000000,1.000000,1.000000
115.50,1.000000,0.000000,1.000000,1.000000,1.000000,1.000000,1.000000
115.75,1.000000,0.000000,1.000000,1.000000,1.000000,1.000000,1.000000
116.00,1.000000,0.000000,1.000000,1.000000,1.000000,1.000000,1.000000
116.25,1.000000,0.000000,1.000000,1.000000,1.000000,1.000000,1.000000
116.50,1.000000,0.000000,1.000000,1.000000,1.000000,1.000000,1.000000
116.75,1.000000,0.000000,1.000000,1.000000,1.000000,1.000000,1.000000
117.00,1.000000,0.000000,1.000000,1.000000,1.000000,1.000000,1.000000
117.25,1.000000,0.000000,1.000000,1.000000,1.000000,1.000000,1.000000
117.50,1.000000,0.000000,1.000000,1.000000,1.000000,1.000000,1.000000
117.75,1.000000,0.000000,1.000000,1.000000,1.000000,1.000000,1.000000
118.00,1.000000,0.000000,1.000000,1.000000,1.000000,1.000000,1.000000
118.25,1.000000,0.000000,1.000000,1.000000,1.000000,1.000000,1.000000
118.50,1.000000,0.000000,1.000000,1.000000,1.000000,1.000000,1.000000
118.75,1.000000,0.000000,1.000000,1.000000,1.000000,1.000000,1.000000
119.00,1.000000,0.000000,1.000000,1.000000,1.000000,1.000000,1.000000
119.25,1.000000,0.000000,1.000000,1.000000,1.000000,1.000000,1.000000
119.50,1.000000,0.000000,1.000000,1.000000,1.000000,1.000000,1.000000
119.75,1.000000,0.000000,1.000000,1.000000,1.000000,1.000000,1.000000
120.00,1.000000,0.000000,1.000000,1.000000,1.000000,1.000000,1.000000
120.25,1.000000,0.000000,1.000000,1.000000,1.000000,1.000000,1.000000
120.50,1.000000,0.000000,1.000000,1.000000,1.000000,1.000000,1.000000
120.75,1.000000,0.000000,1.000000,1.000000,1.000000,1.000000,1.000000
121.00,1.000000,0.000000,1.000000,1.000000,1.000000,1.000000,1.000000
121.25,1.000000,0.000000,1.000000,1.000000,1.000000,1.000000,1.000000
121.50,1.000000,0.000000,1.000000,1.000000,1.000000,1.000000,1.000000
121.75,1.000000,0.000000,1.000000,1.000000,1.000000,1.000000,1.000000
122.00,1.000000,0.000000,1.000000,1.000000,1.000000,1.000000,1.000000
122.25,1.000000,0.000000,1.000000,1.000000,1.000000,1.000000,1.000000
122.50,1.000000,0.000000,1.000000,1.000000,1.000000,1.000000,1.000000
122.75,1.000000,0.000000,1.000000,1.000000,1.000000,1.000000,1.000000
123.00,1.000000,0.000000,1.000000,1.000000,1.000000,1.000000,1.000000
123.25,1.000000,0.000000,1.000000,1.000000,1.000000,1.000000,1.000000
123.50,1.000000,0.000000,1.000000,1.000000,1.000000,1.000000,1.000000
123.75,1.000000,0.000000,1.000000,1.000000,1.000000,1.000000,1.000000
124.00,1.000000,0.000000,1.000000,1.000000,1.000000,1.000000,1.000000
124.25,1.000000,0.000000,1.000000,1.000000,1.000000,1.000000,1.000000
124.50,1.000000,0.000000,1.000000,1.000000,1.000000,1.000000,1.000000
124.75,1.000000,0.000000,1.000000,1.000000,1.000000,1.000000,1.000000
125.00,1.000000,0.000000,1.000000,1.000000,1.000000,1.000000,1.000000
125.25,1.000000,0.000000,1.000000,1.000000,1.000000,1.000000,1.000000
125.50,1.000000,0.000000,1.000000,1.000000,1.000000,1.000000,1.000000
125.75,1.000000,0.000000,1.000000,1.000000,1.000000,1.000000,1.000000
126.00,1.000000,0.000000,1.000000,1.000000,1.000000,1.000000,1.000000
126.25,1.000000,0.000000,1.000000,1.000000,1.000000,1.000000,1.000000
126.50,1.000000,0.000000,1.000000,1.000000,1.000000,1.000000,1.000000
126.75,1.000000,0.000000,1.000000,1.000000,1.000000,1.000000,1.000000
127.00,1.000000,0.000000,1.000000,1.000000,1.000000,1.000000,1.000000
127.25,1.000000,0.000000,1.000000,1.000000,1.000000,1.000000,1.000000
127.50,1.000000,0.000000,1.000000,1.000000,1.000000,1.000000,1.000000
127.75,1.000000,0.000000,1.000000,1.000000,1.000000,1.000000,1.000000
128.00,1.000000,0.000000,1.000000,1.000000,1.000000,1.000000,1.000000
128.25,1.000000,0.000000,1.000000,1.000000,1.000000,1.000000,1.000000
128.50,1.000000,0.000000,1.000000,1.000000,1.000000,1.000000,1.000000
128.75,1.000000,0.000000,1.000000,1.000000,1.000000,1.000000,1.000000
129.00,1.000000,0.000000,1.000000,1.000000,1.000000,1.000000,1.000000
129.25,1.000000,0.000000,1.000000,1.000000,1.000000,1.000000,1.000000
129.50,1.000000,0.000000,1.000000,1.000000,1.000000,1.000000,1.000000
129.75,1.000000,0.000000,1.000000,1.000000,1.000000,1.000000,1.000000
130.00,1.000000,0.000000,1.000000,1.000000,1.000000,1.000000,1.000000
130.25,1.000000,0.000000,1.000000,1.000000,1.000000,1.000000,1.000000
130.50,1.000000,0.000000,1.000000,1.000000,1.000000,1.000000,1.000000
130.75,1.000000,0.000000,1.000000,1.000000,1.000000,1.000000,1.000000
131.00,1.000000,0.000000,1.000000,1.000000,1.000000,1.000000,1.000000
131.25,1.000000,0.000000,1.000000,1.000000,1.000000,1.000000,1.000000
131.50,1.000000,0.000000,1.000000,1.000000,1.000000,1.000000,1.000000
131.75,0.960000,0.080000,0.800000,1.000000,1.000000,1.000000,1.000000
132.00,0.960000,0.080000,0.800000,1.000000,1.000000,1.000000,1.000000
132.25,0.960000,0.080000,0.800000,1.000000,1.000000,1.000000,1.000000
132.50,0.960000,0.080000,0.800000,1.000000,1.000000,1.000000,1.000000
132.75,0.960000,0.080000,0.800000,1.000000,1.000000,1.000000,1.000000
133.00,0.960000,0.080000,0.800000,1.000000,1.000000,1.000000,1.000000
133.25,0.960000,0.080000,0.800000,1.000000,1.000000,1.000000,1.000000
133.50,0.960000,0.080000,0.800000,1.000000,1.000000,1.000000,1.000000
133.75,0.920000,0.097980,0.800000,0.800000,1.000000,1.000000,1.000000
134.00,0.840000,0.149666,0.600000,0.800000,1.000000,0.800000,1.000000
134.25,0.840000,0.149666,0.600000,0.800000,1.000000,0.800000,1.000000
134.50,0.840000,0.149666,0.600000,0.800000,1.000000,0.800000,1.000000
134.75,0.840000,0.149666,0.600000,0.800000,1.000000,0.800000,1.000000
135.00,0.840000,0.149666,0.600000,0.800000,1.000000,0.800000,1.000000
135.25,0.840000,0.149666,0.600000,0.800000,1.000000,0.800000,1.000000
135.50,0.840000,0.149666,0.600000,0.800000,1.000000,0.800000,1.000000
135.75,0.840000,0.149666,0.600000,0.800000,1.000000,0.800000,1.000000
136.00,0.840000,0.149666,0.600000,0.800000,1.000000,0.800000,1.000000
136.25,0.840000,0.149666,0.600000,0.800000,1.000000,0.800000,1.000000
136.50,0.840000,0.149666,0.600000,0.800000,1.000000,0.800000,1.000000
136.75,0.840000,0.149666,0.600000,0.800000,1.000000,0.800000,1.000000
137.00,0.840000,0.149666,0.600000,0.800000,1.000000,0.800000,1.000000
137.25,0.840000,0.149666,0.600000,0.800000,1.000000,0.800000,1.000000
137.50,0.840000,0.149666,0.600000,0.800000,1.000000,0.800000,1.000000
137.75,0.840000,0.149666,0.600000,0.800000,1.000000,0.800000,1.000000
138.00,0.840000,0.149666,0.600000,0.800000,1.000000,0.800000,1.000000
138.25,0.840000,0.149666,0.600000,0.800000,1.000000,0.800000,1.000000
138.50,0.840000,0.149666,0.600000,0.800000,1.000000,0.800000,1.000000
138.75,0.840000,0.149666,0.600000,0.800000,1.000000,0.800000,1.000000
139.00,0.840000,0.149666,0.600000,0.800000,1.000000,0.800000,1.000000
139.25,0.840000,0.149666,0.600000,0.800000,1.000000,0.800000,1.000000
139.50,0.840000,0.149666,0.600000,0.800000,1.000000,0.800000,1.000000
139.75,0.840000,0.149666,0.600000,0.800000,1.000000,0.800000,1.000000
140.00,0.840000,0.149666,0.600000,0.800000,1.000000,0.800000,1.000000
140.25,0.840000,0.149666,0.600000,0.800000,1.000000,0.800000,1.000000
140.50,0.840000,0.149666,0.600000,0.800000,1.000000,0.800000,1.000000
140.75,0.840000,0.149666,0.600000,0.800000,1.000000,0.800000,1.000000
141.00,0.840000,0.149666,0.600000,0.800000,1.000000,0.800000,1.000000
141.25,0.840000,0.149666,0.600000,0.800000,1.000000,0.800000,1.000000
141.50,0.840000,0.149666,0.600000,0.800000,1.000000,0.800000,1.000000
141.75,0.840000,0.149666,0.600000,0.800000,1.000000,0.800000,1.000000
142.00,0.840000,0.149666,0.600000,0.800000,1.000000,0.800000,1.000000
142.25,0.840000,0.149666,0.600000,0.800000,1.000000,0.800000,1.000000
142.50,0.840000,0.149666,0.600000,0.800000,1.000000,0.800000,1.000000
142.75,0.840000,0.149666,0.600000,0.800000,1.000000,0.800000,1.000000
143.00,0.840000,0.149666,0.600000,0.800000,1.000000,0.800000,1.000000
143.25,0.840000,0.149666,0.600000,0.800000,1.000000,0.800000,1.000000
143.50,0.840000,0.149666,0.600000,0.800000,1.000000,0.800000,1.000000
143.75,0.840000,0.149666,0.600000,0.800000,1.000000,0.800000,1.000000
144.00,0.840000,0.149666,0.600000,0.800000,1.000000,0.800000,1.000000
144.25,0.840000,0.149666,0.600000,0.800000,1.000000,0.800000,1.000000
144.50,0.840000,0.149666,0.600000,0.800000,1.000000,0.800000,1.000000
144.75,0.800000,0.178885,0.600000,0.800000,1.000000,0.600000,1.000000
145.00,0.800000,0.178885,0.600000,0.800000,1.000000,0.600000,1.000000
145.25,0.800000,0.178885,0.600000,0.800000,1.000000,0.600000,1.000000
145.50,0.800000,0.178885,0.600000,0.800000,1.000000,0.600000,1.000000
145.75,0.800000,0.178885,0.600000,0.800000,1.000000,0.600000,1.000000
146.00,0.800000,0.178885,0.600000,0.800000,1.000000,0.600000,1.000000
146.25,0.800000,0.178885,0.600000,0.800000,1.000000,0.600000,1.000000
146.50,0.800000,0.178885,0.600000,0.800000,1.000000,0.600000,1.000000
146.75,0.800000,0.178885,0.600000,0.800000,1.000000,0.600000,1.000000
147.00,0.800000,0.178885,0.600000,0.800000,1.000000,0.600000,1.000000
147.25,0.800000,0.178885,0.600000,0.800000,1.000000,0.600000,1.000000
147.50,0.800000,0.178885,0.600000,0.800000,1.000000,0.600000,1.000000
147.75,0.800000,0.178885,0.600000,0.800000,1.000000,0.600000,1.000000
148.00,0.800000,0.178885,0.600000,0.800000,1.000000,0.600000,1.000000
148.25,0.800000,0.178885,0.600000,0.800000,1.000000,0.600000,1.000000
148.50,0.800000,0.178885,0.600000,0.800000,1.000000,0.600000,1.000000
148.75,0.800000,0.178885,0.600000,0.800000,1.000000,0.600000,1.000000
149.00,0.800000,0.178885,0.600000,0.800000,1.000000,0.600000,1.000000
149.25,0.800000,0.178885,0.600000,0.800000,1.000000,0.600000,1.000000
149.50,0.760000,0.195959,0.600000,0.600000,1.000000,0.600000,1.000000
149.75,0.760000,0.195959,0.600000,0.600000,1.000000,0.600000,1.000000
150.00,0.760000,0.195959,0.600000,0.600000,1.000000,0.600000,1.000000
150.25,0.760000,0.195959,0.600000,0.600000,1.000000,0.600000,1.000000
150.50,0.760000,0.195959,0.600000,0.600000,1.000000,0.600000,1.000000
150.75,0.760000,0.195959,0.600000,0.600000,1.000000,0.600000,1.000000
151.00,0.760000,0.195959,0.600000,0.600000,1.000000,0.600000,1.000000
151.25,0.760000,0.195959,0.600000,0.600000,1.000000,0.600000,1.000000
151.50,0.760000,0.195959,0.600000,0.600000,1.000000,0.600000,1.000000
151.75,0.760000,0.195959,0.600000,0.600000,1.000000,0.600000,1.000000
152.00,0.760000,0.195959,0.600000,0.600000,1.000000,0.600000,1.000000
152.25,0.720000,0.240000,0.400000,0.600000,1.000000,0.600000,1.000000
152.50,0.720000,0.240000,0.400000,0.600000,1.000000,0.600000,1.000000
152.75,0.720000,0.240000,0.400000,0.600000,1.000000,0.600000,1.000000
153.00,0.720000,0.240000,0.400000,0.600000,1.000000,0.600000,1.000000
153.25,0.720000,0.240000,0.400000,0.600000,1.000000,0.600000,1.000000
153.50,0.720000,0.240000,0.400000,0.600000,1.000000,0.600000,1.000000
153.75,0.720000,0.240000,0.400000,0.600000,1.000000,0.600000,1.000000
154.00,0.720000,0.240000,0.400000,0.600000,1.000000,0.600000,1.000000
154.25,0.720000,0.240000,0.400000,0.600000,1.000000,0.600000,1.000000
154.50,0.720000,0.240000,0.400000,0.600000,1.000000,0.600000,1.000000
154.75,0.720000,0.240000,0.400000,0.600000,1.000000,0.600000,1.000000
155.00,0.720000,0.240000,0.400000,0.600000,1.000000,0.600000,1.000000
155.25,0.720000,0.240000,0.400000,0.600000,1.000000,0.600000,1.000000
155.50,0.720000,0.240000,0.400000,0.600000,1.000000,0.600000,1.000000
155.75,0.720000,0.240000,0.400000,0.600000,1.000000,0.600000,1.000000
156.00,0.720000,0.240000,0.400000,0.600000,1.000000,0.600000,1.000000
156.25,0.720000,0.240000,0.400000,0.600000,1.000000,0.600000,1.000000
156.50,0.720000,0.240000,0.400000,0.600000,1.000000,0.600000,1.000000
156.75,0.720000,0.240000,0.400000,0.600000,1.000000,0.600000,1.000000
157.00,0.680000,0.299333,0.200000,0.600000,1.000000,0.600000,1.000000
157.25,0.680000,0.299333,0.200000,0.600000,1.000000,0.600000,1.000000
157.50,0.680000,0.299333,0.200000,0.600000,1.000000,0.600000,1.000000
157.75,0.640000,0.320000,0.200000,0.600000,1.000000,0.400000,1.000000
158.00,0.640000,0.320000,0.200000,0.600000,1.000000,0.400000,1.000000
158.25,0.640000,0.320000,0.200000,0.600000,1.000000,0.400000,1.000000
158.50,0.640000,0.320000,0.200000,0.600000,1.000000,0.400000,1.000000
158.75,0.640000,0.320000,0.200000,0.600000,1.000000,0.400000,1.000000
159.00,0.640000,0.320000,0.200000,0.600000,1.000000,0.400000,1.000000
159.25,0.640000,0.320000,0.200000,0.600000,1.000000,0.400000,1.000000
159.50,0.640000,0.320000,0.200000,0.600000,1.000000,0.400000,1.000000
159.75,0.640000,0.320000,0.200000,0.600000,1.000000,0.400000,1.000000
160.00,0.640000,0.320000,0.200000,0.600000,1.000000,0.400000,1.000000
160.25,0.640000,0.320000,0.200000,0.600000,1.000000,0.400000,1.000000
160.50,0.640000,0.320000,0.200000,0.600000,1.000000,0.400000,1.000000
160.75,0.640000,0.320000,0.200000,0.600000,1.000000,0.400000,1.000000
161.00,0.640000,0.320000,0.200000,0.600000,1.000000,0.400000,1.000000
161.25,0.640000,0.320000,0.200000,0.600000,1.000000,0.400000,1.000000
161.50,0.640000,0.320000,0.200000,0.600000,1.000000,0.400000,1.000000
161.75,0.640000,0.320000,0.200000,0.600000,1.000000,0.400000,1.000000
162.00,0.640000,0.320000,0.200000,0.600000,1.000000,0.400000,1.000000
162.25,0.640000,0.320000,0.200000,0.600000,1.000000,0.400000,1.000000
162.50,0.640000,0.320000,0.200000,0.600000,1.000000,0.400000,1.000000
162.75,0.640000,0.320000,0.200000,0.600000,1.000000,0.400000,1.000000
163.00,0.640000,0.320000,0.200000,0.600000,1.000000,0.400000,1.000000
163.25,0.640000,0.320000,0.200000,0.600000,1.000000,0.400000,1.000000
163.50,0.640000,0.320000,0.200000,0.600000,1.000000,0.400000,1.000000
163.75,0.640000,0.320000,0.200000,0.600000,1.000000,0.400000,1.000000
164.00,0.640000,0.320000,0.200000,0.600000,1.000000,0.400000,1.000000
164.25,0.640000,0.320000,0.200000,0.600000,1.000000,0.400000,1.000000
164.50,0.640000,0.320000,0.200000,0.600000,1.000000,0.400000,1.000000
164.75,0.640000,0.320000,0.200000,0.600000,1.000000,0.400000,1.000000
165.00,0.640000,0.320000,0.200000,0.600000,1.000000,0.400000,1.000000
165.25,0.640000,0.320000,0.200000,0.600000,1.000000,0.400000,1.000000
165.50,0.640000,0.320000,0.200000,0.600000,1.000000,0.400000,1.000000
165.75,0.640000,0.320000,0.200000,0.600000,1.000000,0.400000,1.000000
166.00,0.640000,0.320000,0.200000,0.600000,1.000000,0.400000,1.000000
166.25,0.640000,0.320000,0.200000,0.600000,1.000000,0.400000,1.000000
166.50,0.640000,0.320000,0.200000,0.600000,1.000000,0.400000,1.000000
166.75,0.640000,0.320000,0.200000,0.600000,1.000000,0.400000,1.000000
167.00,0.640000,0.320000,0.200000,0.600000,1.000000,0.400000,1.000000
167.25,0.640000,0.320000,0.200000,0.600000,1.000000,0.400000,1.000000
167.50,0.640000,0.320000,0.200000,0.600000,1.000000,0.400000,1.000000
167.75,0.640000,0.320000,0.200000,0.600000,1.000000,0.400000,1.000000
168.00,0.640000,0.320000,0.200000,0.600000,1.000000,0.400000,1.000000
168.25,0.640000,0.320000,0.200000,0.600000,1.000000,0.400000,1.000000
168.50,0.640000,0.320000,0.200000,0.600000,1.000000,0.400000,1.000000
168.75,0.640000,0.320000,0.200000,0.600000,1.000000,0.400000,1.000000
169.00,0.640000,0.320000,0.200000,0.600000,1.000000,0.400000,1.000000
169.25,0.640000,0.320000,0.200000,0.600000,1.000000,0.400000,1.000000
169.50,0.640000,0.320000,0.200000,0.600000,1.000000,0.400000,1.000000
169.75,0.640000,0.320000,0.200000,0.600000,1.000000,0.400000,1.000000
170.00,0.640000,0.320000,0.200000,0.600000,1.000000,0.400000,1.000000
170.25,0.640000,0.320000,0.200000,0.600000,1.000000,0.400000,1.000000
170.50,0.640000,0.320000,0.200000,0.600000,1.000000,0.400000,1.000000
170.75,0.640000,0.320000,0.200000,0.600000,1.000000,0.400000,1.000000
171.00,0.640000,0.320000,0.200000,0.600000,1.000000,0.400000,1.000000
171.25,0.640000,0.320000,0.200000,0.600000,1.000000,0.400000,1.000000
171.50,0.640000,0.320000,0.200000,0.600000,1.000000,0.400000,1.000000
171.75,0.600000,0.282843,0.200000,0.600000,0.800000,0.400000,1.000000
172.00,0.600000,0.282843,0.200000,0.600000,0.800000,0.400000,1.000000
172.25,0.600000,0.282843,0.200000,0.600000,0.800000,0.400000,1.000000
172.50,0.560000,0.320000,0.200000,0.600000,0.800000,0.200000,1.000000
172.75,0.560000,0.320000,0.200000,0.600000,0.800000,0.200000,1.000000
173.00,0.560000,0.320000,0.200000,0.600000,0.800000,0.200000,1.000000
173.25,0.560000,0.320000,0.200000,0.600000,0.800000,0.200000,1.000000
173.50,0.560000,0.320000,0.200000,0.600000,0.800000,0.200000,1.000000
173.75,0.560000,0.320000,0.200000,0.600000,0.800000,0.200000,1.000000
174.00,0.560000,0.320000,0.200000,0.600000,0.800000,0.200000,1.000000
174.25,0.560000,0.320000,0.200000,0.600000,0.800000,0.200000,1.000000
174.50,0.560000,0.320000,0.200000,0.600000,0.800000,0.200000,1.000000
174.75,0.560000,0.320000,0.200000,0.600000,0.800000,0.200000,1.000000
175.00,0.560000,0.320000,0.200000,0.600000,0.800000,0.200000,1.000000
175.25,0.560000,0.320000,0.200000,0.600000,0.800000,0.200000,1.000000
175.50,0.560000,0.320000,0.200000,0.600000,0.800000,0.200000,1.000000
175.75,0.560000,0.320000,0.200000,0.600000,0.800000,0.200000,1.000000
176.00,0.560000,0.320000,0.200000,0.600000,0.800000,0.200000,1.000000
176.25,0.520000,0.324962,0.200000,0.400000,0.800000,0.200000,1.000000
176.50,0.520000,0.324962,0.200000,0.400000,0.800000,0.200000,1.000000
176.75,0.520000,0.324962,0.200000,0.400000,0.800000,0.200000,1.000000
177.00,0.520000,0.324962,0.200000,0.400000,0.800000,0.200000,1.000000
177.25,0.520000,0.324962,0.200000,0.400000,0.800000,0.200000,1.000000
177.50,0.520000,0.324962,0.200000,0.400000,0.800000,0.200000,1.000000
177.75,0.520000,0.324962,0.200000,0.400000,0.800000,0.200000,1.000000
178.00,0.520000,0.324962,0.200000,0.400000,0.800000,0.200000,1.000000
178.25,0.520000,0.324962,0.200000,0.400000,0.800000,0.200000,1.000000
178.50,0.520000,0.324962,0.200000,0.400000,0.800000,0.200000,1.000000
178.75,0.520000,0.324962,0.200000,0.400000,0.800000,0.200000,1.000000
179.00,0.520000,0.324962,0.200000,0.400000,0.800000,0.200000,1.000000
179.25,0.520000,0.324962,0.200000,0.400000,0.800000,0.200000,1.000000
179.50,0.520000,0.324962,0.200000,0.400000,0.800000,0.200000,1.000000
179.75,0.520000,0.324962,0.200000,0.400000,0.800000,0.200000,1.000000
180.00,0.520000,0.324962,0.200000,0.400000,0.800000,0.200000,1.000000
180.25,0.520000,0.324962,0.200000,0.400000,0.800000,0.200000,1.000000
180.50,0.520000,0.324962,0.200000,0.400000,0.800000,0.200000,1.000000
180.75,0.520000,0.324962,0.200000,0.400000,0.800000,0.200000,1.000000
181.00,0.520000,0.324962,0.200000,0.400000,0.800000,0.200000,1.000000
181.25,0.520000,0.324962,0.200000,0.400000,0.800000,0.200000,1.000000
181.50,0.520000,0.324962,0.200000,0.400000,0.800000,0.200000,1.000000
181.75,0.520000,0.324962,0.200000,0.400000,0.800000,0.200000,1.000000
182.00,0.520000,0.324962,0.200000,0.400000,0.800000,0.200000,1.000000
182.25,0.520000,0.324962,0.200000,0.400000,0.800000,0.200000,1.000000
182.50,0.520000,0.324962,0.200000,0.400000,0.800000,0.200000,1.000000
182.75,0.520000,0.324962,0.200000,0.400000,0.800000,0.200000,1.000000
183.00,0.520000,0.324962,0.200000,0.400000,0.800000,0.200000,1.000000
183.25,0.520000,0.324962,0.200000,0.400000,0.800000,0.200000,1.000000
183.50,0.520000,0.324962,0.200000,0.400000,0.800000,0.200000,1.000000
183.75,0.520000,0.324962,0.200000,0.400000,0.800000,0.200000,1.000000
184.00,0.520000,0.324962,0.200000,0.400000,0.800000,0.200000,1.000000
184.25,0.520000,0.324962,0.200000,0.400000,0.800000,0.200000,1.000000
184.50,0.520000,0.324962,0.200000,0.400000,0.800000,0.200000,1.000000
184.75,0.520000,0.324962,0.200000,0.400000,0.800000,0.200000,1.000000
185.00,0.520000,0.324962,0.200000,0.400000,0.800000,0.200000,1.000000
185.25,0.520000,0.324962,0.200000,0.400000,0.800000,0.200000,1.000000
185.50,0.520000,0.324962,0.200000,0.400000,0.800000,0.200000,1.000000
185.75,0.520000,0.324962,0.200000,0.400000,0.800000,0.200000,1.000000
186.00,0.520000,0.324962,0.200000,0.400000,0.800000,0.200000,1.000000
186.25,0.520000,0.324962,0.200000,0.400000,0.800000,0.200000,1.000000
186.50,0.520000,0.324962,0.200000,0.400000,0.800000,0.200000,1.000000
186.75,0.520000,0.324962,0.200000,0.400000,0.800000,0.200000,1.000000
187.00,0.520000,0.324962,0.200000,0.400000,0.800000,0.200000,1.000000
187.25,0.520000,0.324962,0.200000,0.400000,0.800000,0.200000,1.000000
187.50,0.520000,0.324962,0.200000,0.400000,0.800000,0.200000,1.000000
187.75,0.520000,0.324962,0.200000,0.400000,0.800000,0.200000,1.000000
188.00,0.520000,0.324962,0.200000,0.400000,0.800000,0.200000,1.000000
188.25,0.520000,0.324962,0.200000,0.400000,0.800000,0.200000,1.000000
188.50,0.520000,0.324962,0.200000,0.400000,0.800000,0.200000,1.000000
188.75,0.520000,0.324962,0.200000,0.400000,0.800000,0.200000,1.000000
189.00,0.520000,0.324962,0.200000,0.400000,0.800000,0.200000,1.000000
189.25,0.520000,0.324962,0.200000,0.400000,0.800000,0.200000,1.000000
189.50,0.520000,0.324962,0.200000,0.400000,0.800000,0.200000,1.000000
189.75,0.520000,0.324962,0.200000,0.400000,0.800000,0.200000,1.000000
190.00,0.520000,0.324962,0.200000,0.400000,0.800000,0.200000,1.000000
190.25,0.520000,0.324962,0.200000,0.400000,0.800000,0.200000,1.000000
190.50,0.520000,0.324962,0.200000,0.400000,0.800000,0.200000,1.000000
190.75,0.520000,0.324962,0.200000,0.400000,0.800000,0.200000,1.000000
191.00,0.520000,0.324962,0.200000,0.400000,0.800000,0.200000,1.000000
191.25,0.520000,0.324962,0.200000,0.400000,0.800000,0.200000,1.000000
191.50,0.520000,0.324962,0.200000,0.400000,0.800000,0.200000,1.000000
191.75,0.520000,0.324962,0.200000,0.400000,0.800000,0.200000,1.000000
192.00,0.520000,0.324962,0.200000,0.400000,0.800000,0.200000,1.000000
192.25,0.520000,0.324962,0.200000,0.400000,0.800000,0.200000,1.000000
192.50,0.520000,0.324962,0.200000,0.400000,0.800000,0.200000,1.000000
192.75,0.520000,0.324962,0.200000,0.400000,0.800000,0.200000,1.000000
193.00,0.520000,0.324962,0.200000,0.400000,0.800000,0.200000,1.000000
193.25,0.520000,0.324962,0.200000,0.400000,0.800000,0.200000,1.000000
193.50,0.520000,0.324962,0.200000,0.400000,0.800000,0.200000,1.000000
193.75,0.520000,0.324962,0.200000,0.400000,0.800000,0.200000,1.000000
194.00,0.520000,0.324962,0.200000,0.400000,0.800000,0.200000,1.000000
194.25,0.520000,0.324962,0.200000,0.400000,0.800000,0.200000,1.000000
194.50,0.520000,0.324962,0.200000,0.400000,0.800000,0.200000,1.000000
194.75,0.520000,0.324962,0.200000,0.400000,0.800000,0.200000,1.000000
195.00,0.520000,0.324962,0.200000,0.400000,0.800000,0.200000,1.000000
195.25,0.520000,0.324962,0.200000,0.400000,0.800000,0.200000,1.000000
195.50,0.520000,0.324962,0.200000,0.400000,0.800000,0.200000,1.000000
195.75,0.520000,0.324962,0.200000,0.400000,0.800000,0.200000,1.000000
196.00,0.520000,0.324962,0.200000,0.400000,0.800000,0.200000,1.000000
196.25,0.520000,0.324962,0.200000,0.400000,0.800000,0.200000,1.000000
196.50,0.520000,0.324962,0.200000,0.400000,0.800000,0.200000,1.000000
196.75,0.520000,0.324962,0.200000,0.400000,0.800000,0.200000,1.000000
197.00,0.520000,0.324962,0.200000,0.400000,0.800000,0.200000,1.000000
197.25,0.520000,0.324962,0.200000,0.400000,0.800000,0.200000,1.000000
197.50,0.520000,0.324962,0.200000,0.400000,0.800000,0.200000,1.000000
197.75,0.520000,0.324962,0.200000,0.400000,0.800000,0.200000,1.000000
198.00,0.520000,0.324962,0.200000,0.400000,0.800000,0.200000,1.000000
198.25,0.520000,0.324962,0.200000,0.400000,0.800000,0.200000,1.000000
198.50,0.520000,0.324962,0.200000,0.400000,0.800000,0.200000,1.000000
198.75,0.520000,0.324962,0.200000,0.400000,0.800000,0.200000,1.000000
199.00,0.520000,0.324962,0.200000,0.400000,0.800000,0.200000,1.000000
199.25,0.520000,0.324962,0.200000,0.400000,0.800000,0.200000,1.000000
199.50,0.520000,0.324962,0.200000,0.400000,0.800000,0.200000,1.000000
199.75,0.520000,0.324962,0.200000,0.400000,0.800000,0.200000,1.000000
200.00,0.520000,0.324962,0.200000,0.400000,0.800000,0.200000,1.000000
200.25,0.520000,0.324962,0.200000,0.400000,0.800000,0.200000,1.000000
200.50,0.520000,0.324962,0.200000,0.400000,0.800000,0.200000,1.000000
200.75,0.520000,0.324962,0.200000,0.400000,0.800000,0.200000,1.000000
201.00,0.520000,0.324962,0.200000,0.400000,0.800000,0.200000,1.000000
201.25,0.520000,0.324962,0.200000,0.400000,0.800000,0.200000,1.000000
201.50,0.520000,0.324962,0.200000,0.400000,0.800000,0.200000,1.000000
201.75,0.520000,0.324962,0.200000,0.400000,0.800000,0.200000,1.000000
202.00,0.520000,0.324962,0.200000,0.400000,0.800000,0.200000,1.000000
202.25,0.520000,0.324962,0.200000,0.400000,0.800000,0.200000,1.000000
202.50,0.520000,0.324962,0.200000,0.400000,0.800000,0.200000,1.000000
202.75,0.520000,0.324962,0.200000,0.400000,0.800000,0.200000,1.000000
203.00,0.520000,0.324962,0.200000,0.400000,0.800000,0.200000,1.000000
203.25,0.520000,0.324962,0.200000,0.400000,0.800000,0.200000,1.000000
203.50,0.520000,0.324962,0.200000,0.400000,0.800000,0.200000,1.000000
203.75,0.520000,0.324962,0.200000,0.400000,0.800000,0.200000,1.000000
204.00,0.520000,0.324962,0.200000,0.400000,0.800000,0.200000,1.000000
204.25,0.520000,0.324962,0.200000,0.400000,0.800000,0.200000,1.000000
204.50,0.520000,0.324962,0.200000,0.400000,0.800000,0.200000,1.000000
204.75,0.520000,0.324962,0.200000,0.400000,0.800000,0.200000,1.000000
205.00,0.520000,0.324962,0.200000,0.400000,0.800000,0.200000,1.000000
205.25,0.520000,0.324962,0.200000,0.400000,0.800000,0.200000,1.000000
205.50,0.520000,0.324962,0.200000,0.400000,0.800000,0.200000,1.000000
205.75,0.520000,0.324962,0.200000,0.400000,0.800000,0.200000,1.000000
206.00,0.520000,0.324962,0.200000,0.400000,0.800000,0.200000,1.000000
206.25,0.520000,0.324962,0.200000,0.400000,0.800000,0.200000,1.000000
206.50,0.520000,0.324962,0.200000,0.400000,0.800000,0.200000,1.000000
206.75,0.520000,0.324962,0.200000,0.400000,0.800000,0.200000,1.000000
207.00,0.520000,0.324962,0.200000,0.400000,0.800000,0.200000,1.000000
207.25,0.520000,0.324962,0.200000,0.400000,0.800000,0.200000,1.000000
207.50,0.520000,0.324962,0.200000,0.400000,0.800000,0.200000,1.000000
207.75,0.520000,0.324962,0.200000,0.400000,0.800000,0.200000,1.000000
208.00,0.520000,0.324962,0.200000,0.400000,0.800000,0.200000,1.000000
208.25,0.520000,0.324962,0.200000,0.400000,0.800000,0.200000,1.000000
208.50,0.520000,0.324962,0.200000,0.400000,0.800000,0.200000,1.000000
208.75,0.520000,0.324962,0.200000,0.400000,0.800000,0.200000,1.000000
209.00,0.520000,0.324962,0.200000,0.400000,0.800000,0.200000,1.000000
209.25,0.520000,0.324962,0.200000,0.400000,0.800000,0.200000,1.000000
209.50,0.520000,0.324962,0.200000,0.400000,0.800000,0.200000,1.000000
209.75,0.520000,0.324962,0.200000,0.400000,0.800000,0.200000,1.000000
210.00,0.520000,0.324962,0.200000,0.400000,0.800000,0.200000,1.000000
210.25,0.520000,0.324962,0.200000,0.400000,0.800000,0.200000,1.000000
210.50,0.520000,0.324962,0.200000,0.400000,0.800000,0.200000,1.000000
210.75,0.520000,0.324962,0.200000,0.400000,0.800000,0.200000,1.000000
211.00,0.520000,0.324962,0.200000,0.400000,0.800000,0.200000,1.000000
211.25,0.520000,0.324962,0.200000,0.400000,0.800000,0.200000,1.000000
211.50,0.520000,0.324962,0.200000,0.400000,0.800000,0.200000,1.000000
211.75,0.520000,0.324962,0.200000,0.400000,0.800000,0.200000,1.000000
212.00,0.520000,0.324962,0.200000,0.400000,0.800000,0.200000,1.000000
212.25,0.520000,0.324962,0.200000,0.400000,0.800000,0.200000,1.000000
212.50,0.520000,0.324962,0.200000,0.400000,0.800000,0.200000,1.000000
212.75,0.520000,0.324962,0.200000,0.400000,0.800000,0.200000,1.000000
213.00,0.520000,0.324962,0.200000,0.400000,0.800000,0.200000,1.000000
213.25,0.520000,0.324962,0.200000,0.400000,0.800000,0.200000,1.000000
213.50,0.520000,0.324962,0.200000,0.400000,0.800000,0.200000,1.000000
213.75,0.520000,0.324962,0.200000,0.400000,0.800000,0.200000,1.000000
214.00,0.520000,0.324962,0.200000,0.400000,0.800000,0.200000,1.000000
214.25,0.520000,0.324962,0.200000,0.400000,0.800000,0.200000,1.000000
214.50,0.520000,0.324962,0.200000,0.400000,0.800000,0.200000,1.000000
214.75,0.520000,0.324962,0.200000,0.400000,0.800000,0.200000,1.000000
215.00,0.520000,0.324962,0.200000,0.400000,0.800000,0.200000,1.000000
215.25,0.520000,0.324962,0.200000,0.400000,0.800000,0.200000,1.000000
215.50,0.520000,0.324962,0.200000,0.400000,0.800000,0.200000,1.000000
215.75,0.520000,0.324962,0.200000,0.400000,0.800000,0.200000,1.000000
216.00,0.520000,0.324962,0.200000,0.400000,0.800000,0.200000,1.000000
216.25,0.520000,0.324962,0.200000,0.400000,0.800000,0.200000,1.000000
216.50,0.520000,0.324962,0.200000,0.400000,0.800000,0.200000,1.000000
216.75,0.520000,0.324962,0.200000,0.400000,0.800000,0.200000,1.000000
217.00,0.520000,0.324962,0.200000,0.400000,0.800000,0.200000,1.000000
217.25,0.520000,0.324962,0.200000,0.400000,0.800000,0.200000,1.000000
217.50,0.520000,0.324962,0.200000,0.400000,0.800000,0.200000,1.000000
217.75,0.520000,0.324962,0.200000,0.400000,0.800000,0.200000,1.000000
218.00,0.520000,0.324962,0.200000,0.400000,0.800000,0.200000,1.000000
218.25,0.520000,0.324962,0.200000,0.400000,0.800000,0.200000,1.000000
218.50,0.520000,0.324962,0.200000,0.400000,0.800000,0.200000,1.000000
218.75,0.520000,0.324962,0.200000,0.400000,0.800000,0.200000,1.000000
219.00,0.520000,0.324962,0.200000,0.400000,0.800000,0.200000,1.000000
219.25,0.520000,0.324962,0.200000,0.400000,0.800000,0.200000,1.000000
219.50,0.480000,0.299333,0.200000,0.400000,0.600000,0.200000,1.000000
219.75,0.480000,0.299333,0.200000,0.400000,0.600000,0.200000,1.000000
220.00,0.480000,0.299333,0.200000,0.400000,0.600000,0.200000,1.000000
220.25,0.480000,0.299333,0.200000,0.400000,0.600000,0.200000,1.000000
220.50,0.480000,0.299333,0.200000,0.400000,0.600000,0.200000,1.000000
220.75,0.480000,0.299333,0.200000,0.400000,0.600000,0.200000,1.000000
221.00,0.480000,0.299333,0.200000,0.400000,0.600000,0.200000,1.000000
221.25,0.480000,0.299333,0.200000,0.400000,0.600000,0.200000,1.000000
221.50,0.480000,0.299333,0.200000,0.400000,0.600000,0.200000,1.000000
221.75,0.480000,0.299333,0.200000,0.400000,0.600000,0.200000,1.000000
222.00,0.480000,0.299333,0.200000,0.400000,0.600000,0.200000,1.000000
222.25,0.480000,0.299333,0.200000,0.400000,0.600000,0.200000,1.000000
222.50,0.480000,0.299333,0.200000,0.400000,0.600000,0.200000,1.000000
222.75,0.480000,0.299333,0.200000,0.400000,0.600000,0.200000,1.000000
223.00,0.480000,0.299333,0.200000,0.400000,0.600000,0.200000,1.000000
223.25,0.480000,0.299333,0.200000,0.400000,0.600000,0.200000,1.000000
223.50,0.480000,0.299333,0.200000,0.400000,0.600000,0.200000,1.000000
223.75,0.480000,0.299333,0.200000,0.400000,0.600000,0.200000,1.000000
224.00,0.480000,0.299333,0.200000,0.400000,0.600000,0.200000,1.000000
224.25,0.480000,0.299333,0.200000,0.400000,0.600000,0.200000,1.000000
224.50,0.480000,0.299333,0.200000,0.400000,0.600000,0.200000,1.000000
224.75,0.480000,0.299333,0.200000,0.400000,0.600000,0.200000,1.000000
225.00,0.480000,0.299333,0.200000,0.400000,0.600000,0.200000,1.000000
225.25,0.480000,0.299333,0.200000,0.400000,0.600000,0.200000,1.000000
225.50,0.480000,0.299333,0.200000,0.400000,0.600000,0.200000,1.000000
225.75,0.480000,0.299333,0.200000,0.400000,0.600000,0.200000,1.000000
226.00,0.480000,0.299333,0.200000,0.400000,0.600000,0.200000,1.000000
226.25,0.480000,0.299333,0.200000,0.400000,0.600000,0.200000,1.000000
226.50,0.480000,0.299333,0.200000,0.400000,0.600000,0.200000,1.000000
226.75,0.480000,0.299333,0.200000,0.400000,0.600000,0.200000,1.000000
227.00,0.480000,0.299333,0.200000,0.400000,0.600000,0.200000,1.000000
227.25,0.480000,0.299333,0.200000,0.400000,0.600000,0.200000,1.000000
227.50,0.480000,0.299333,0.200000,0.400000,0.600000,0.200000,1.000000
227.75,0.480000,0.299333,0.200000,0.400000,0.600000,0.200000,1.000000
228.00,0.480000,0.299333,0.200000,0.400000,0.600000,0.200000,1.000000
228.25,0.480000,0.299333,0.200000,0.400000,0.600000,0.200000,1.000000
228.50,0.480000,0.299333,0.200000,0.400000,0.600000,0.200000,1.000000
228.75,0.480000,0.299333,0.200000,0.400000,0.600000,0.200000,1.000000
229.00,0.480000,0.299333,0.200000,0.400000,0.600000,0.200000,1.000000
229.25,0.480000,0.299333,0.200000,0.400000,0.600000,0.200000,1.000000
229.50,0.480000,0.299333,0.200000,0.400000,0.600000,0.200000,1.000000
229.75,0.480000,0.299333,0.200000,0.400000,0.600000,0.200000,1.000000
230.00,0.480000,0.299333,0.200000,0.400000,0.600000,0.200000,1.000000
230.25,0.480000,0.299333,0.200000,0.400000,0.600000,0.200000,1.000000
230.50,0.480000,0.299333,0.200000,0.400000,0.600000,0.200000,1.000000
230.75,0.480000,0.299333,0.200000,0.400000,0.600000,0.200000,1.000000
231.00,0.480000,0.299333,0.200000,0.400000,0.600000,0.200000,1.000000
231.25,0.480000,0.299333,0.200000,0.400000,0.600000,0.200000,1.000000
231.50,0.480000,0.299333,0.200000,0.400000,0.600000,0.200000,1.000000
231.75,0.480000,0.299333,0.200000,0.400000,0.600000,0.200000,1.000000
232.00,0.480000,0.299333,0.200000,0.400000,0.600000,0.200000,1.000000
232.25,0.480000,0.299333,0.200000,0.400000,0.600000,0.200000,1.000000
232.50,0.480000,0.299333,0.200000,0.400000,0.600000,0.200000,1.000000
232.75,0.480000,0.299333,0.200000,0.400000,0.600000,0.200000,1.000000
233.00,0.480000,0.299333,0.200000,0.400000,0.600000,0.200000,1.000000
233.25,0.480000,0.299333,0.200000,0.400000,0.600000,0.200000,1.000000
233.50,0.480000,0.299333,0.200000,0.400000,0.600000,0.200000,1.000000
233.75,0.480000,0.299333,0.200000,0.400000,0.600000,0.200000,1.000000
234.00,0.480000,0.299333,0.200000,0.400000,0.600000,0.200000,1.000000
234.25,0.480000,0.299333,0.200000,0.400000,0.600000,0.200000,1.000000
234.50,0.480000,0.299333,0.200000,0.400000,0.600000,0.200000,1.000000
234.75,0.480000,0.299333,0.200000,0.400000,0.600000,0.200000,1.000000
235.00,0.480000,0.299333,0.200000,0.400000,0.600000,0.200000,1.000000
235.25,0.480000,0.299333,0.200000,0.400000,0.600000,0.200000,1.000000
235.50,0.480000,0.299333,0.200000,0.400000,0.600000,0.200000,1.000000
235.75,0.480000,0.299333,0.200000,0.400000,0.600000,0.200000,1.000000
236.00,0.480000,0.299333,0.200000,0.400000,0.600000,0.200000,1.000000
236.25,0.480000,0.299333,0.200000,0.400000,0.600000,0.200000,1.000000
236.50,0.480000,0.299333,0.200000,0.400000,0.600000,0.200000,1.000000
236.75,0.480000,0.299333,0.200000,0.400000,0.600000,0.200000,1.000000
237.00,0.480000,0.299333,0.200000,0.400000,0.600000,0.200000,1.000000
237.25,0.480000,0.299333,0.200000,0.400000,0.600000,0.200000,1.000000
237.50,0.480000,0.299333,0.200000,0.400000,0.600000,0.200000,1.000000
237.75,0.480000,0.299333,0.200000,0.400000,0.600000,0.200000,1.000000
238.00,0.480000,0.299333,0.200000,0.400000,0.600000,0.200000,1.000000
238.25,0.480000,0.299333,0.200000,0.400000,0.600000,0.200000,1.000000
238.50,0.480000,0.299333,0.200000,0.400000,0.600000,0.200000,1.000000
238.75,0.480000,0.299333,0.200000,0.400000,0.600000,0.200000,1.000000
239.00,0.480000,0.299333,0.200000,0.400000,0.600000,0.200000,1.000000
239.25,0.480000,0.299333,0.200000,0.400000,0.600000,0.200000,1.000000
239.50,0.480000,0.299333,0.200000,0.400000,0.600000,0.200000,1.000000
239.75,0.480000,0.299333,0.200000,0.400000,0.600000,0.200000,1.000000
240.00,0.480000,0.299333,0.200000,0.400000,0.600000,0.200000,1.000000
240.25,0.480000,0.299333,0.200000,0.400000,0.600000,0.200000,1.000000
240.50,0.480000,0.299333,0.200000,0.400000,0.600000,0.200000,1.000000
240.75,0.480000,0.299333,0.200000,0.400000,0.600000,0.200000,1.000000
241.00,0.480000,0.299333,0.200000,0.400000,0.600000,0.200000,1.000000
241.25,0.480000,0.299333,0.200000,0.400000,0.600000,0.200000,1.000000
241.50,0.480000,0.299333,0.200000,0.400000,0.600000,0.200000,1.000000
241.75,0.480000,0.299333,0.200000,0.400000,0.600000,0.200000,1.000000
242.00,0.480000,0.299333,0.200000,0.400000,0.600000,0.200000,1.000000
242.25,0.480000,0.299333,0.200000,0.400000,0.600000,0.200000,1.000000
242.50,0.480000,0.299333,0.200000,0.400000,0.600000,0.200000,1.000000
242.75,0.480000,0.299333,0.200000,0.400000,0.600000,0.200000,1.000000
243.00,0.480000,0.299333,0.200000,0.400000,0.600000,0.200000,1.000000
243.25,0.480000,0.299333,0.200000,0.400000,0.600000,0.200000,1.000000
243.50,0.480000,0.299333,0.200000,0.400000,0.600000,0.200000,1.000000
243.75,0.480000,0.299333,0.200000,0.400000,0.600000,0.200000,1.000000
244.00,0.480000,0.299333,0.200000,0.400000,0.600000,0.200000,1.000000
244.25,0.480000,0.299333,0.200000,0.400000,0.600000,0.200000,1.000000
244.50,0.480000,0.299333,0.200000,0.400000,0.600000,0.200000,1.000000
244.75,0.480000,0.299333,0.200000,0.400000,0.600000,0.200000,1.000000
245.00,0.480000,0.299333,0.200000,0.400000,0.600000,0.200000,1.000000
245.25,0.480000,0.299333,0.200000,0.400000,0.600000,0.200000,1.000000
245.50,0.480000,0.299333,0.200000,0.400000,0.600000,0.200000,1.000000
245.75,0.480000,0.299333,0.200000,0.400000,0.600000,0.200000,1.000000
246.00,0.480000,0.299333,0.200000,0.400000,0.600000,0.200000,1.000000
246.25,0.480000,0.299333,0.200000,0.400000,0.600000,0.200000,1.000000
246.50,0.480000,0.299333,0.200000,0.400000,0.600000,0.200000,1.000000
246.75,0.480000,0.299333,0.200000,0.400000,0.600000,0.200000,1.000000
247.00,0.480000,0.299333,0.200000,0.400000,0.600000,0.200000,1.000000
247.25,0.480000,0.299333,0.200000,0.400000,0.600000,0.200000,1.000000
247.50,0.480000,0.299333,0.200000,0.400000,0.600000,0.200000,1.000000
247.75,0.480000,0.299333,0.200000,0.400000,0.600000,0.200000,1.000000
248.00,0.480000,0.299333,0.200000,0.400000,0.600000,0.200000,1.000000
248.25,0.480000,0.299333,0.200000,0.400000,0.600000,0.200000,1.000000
248.50,0.480000,0.299333,0.200000,0.400000,0.600000,0.200000,1.000000
248.75,0.480000,0.299333,0.200000,0.400000,0.600000,0.200000,1.000000
249.00,0.480000,0.299333,0.200000,0.400000,0.600000,0.200000,1.000000
249.25,0.480000,0.299333,0.200000,0.400000,0.600000,0.200000,1.000000
249.50,0.480000,0.299333,0.200000,0.400000,0.600000,0.200000,1.000000
249.75,0.480000,0.299333,0.200000,0.400000,0.600000,0.200000,1.000000
250.00,0.480000,0.299333,0.200000,0.400000,0.600000,0.200000,1.000000
250.25,0.480000,0.299333,0.200000,0.400000,0.600000,0.200000,1.000000
250.50,0.480000,0.299333,0.200000,0.400000,0.600000,0.200000,1.000000
250.75,0.480000,0.299333,0.200000,0.400000,0.600000,0.200000,1.000000
251.00,0.480000,0.299333,0.200000,0.400000,0.600000,0.200000,1.000000
251.25,0.480000,0.299333,0.200000,0.400000,0.600000,0.200000,1.000000
251.50,0.480000,0.299333,0.200000,0.400000,0.600000,0.200000,1.000000
251.75,0.480000,0.299333,0.200000,0.400000,0.600000,0.200000,1.000000
252.00,0.480000,0.299333,0.200000,0.400000,0.600000,0.200000,1.000000
252.25,0.480000,0.299333,0.200000,0.400000,0.600000,0.200000,1.000000
252.50,0.480000,0.299333,0.200000,0.400000,0.600000,0.200000,1.000000
252.75,0.480000,0.299333,0.200000,0.400000,0.600000,0.200000,1.000000
253.00,0.480000,0.299333,0.200000,0.400000,0.600000,0.200000,1.000000
253.25,0.480000,0.299333,0.200000,0.400000,0.600000,0.200000,1.000000
253.50,0.480000,0.299333,0.200000,0.400000,0.600000,0.200000,1.000000
253.75,0.480000,0.299333,0.200000,0.400000,0.600000,0.200000,1.000000
254.00,0.480000,0.299333,0.200000,0.400000,0.600000,0.200000,1.000000
254.25,0.480000,0.299333,0.200000,0.400000,0.600000,0.200000,1.000000
254.50,0.480000,0.299333,0.200000,0.400000,0.600000,0.200000,1.000000
254.75,0.480000,0.299333,0.200000,0.400000,0.600000,0.200000,1.000000
255.00,0.480000,0.299333,0.200000,0.400000,0.600000,0.200000,1.000000
255.25,0.480000,0.299333,0.200000,0.400000,0.600000,0.200000,1.000000
255.50,0.480000,0.299333,0.200000,0.400000,0.600000,0.200000,1.000000
255.75,0.480000,0.299333,0.200000,0.400000,0.600000,0.200000,1.000000
256.00,0.480000,0.299333,0.200000,0.400000,0.600000,0.200000,1.000000
256.25,0.480000,0.299333,0.200000,0.400000,0.600000,0.200000,1.000000
256.50,0.480000,0.299333,0.200000,0.400000,0.600000,0.200000,1.000000
256.75,0.480000,0.299333,0.200000,0.400000,0.600000,0.200000,1.000000
257.00,0.480000,0.299333,0.200000,0.400000,0.600000,0.200000,1.000000
257.25,0.480000,0.299333,0.200000,0.400000,0.600000,0.200000,1.000000
257.50,0.480000,0.299333,0.200000,0.400000,0.600000,0.200000,1.000000
257.75,0.480000,0.299333,0.200000,0.400000,0.600000,0.200000,1.000000
258.00,0.480000,0.299333,0.200000,0.400000,0.600000,0.200000,1.000000
258.25,0.480000,0.299333,0.200000,0.400000,0.600000,0.200000,1.000000
258.50,0.480000,0.299333,0.200000,0.400000,0.600000,0.200000,1.000000
258.75,0.480000,0.299333,0.200000,0.400000,0.600000,0.200000,1.000000
259.00,0.480000,0.299333,0.200000,0.400000,0.600000,0.200000,1.000000
259.25,0.480000,0.299333,0.200000,0.400000,0.600000,0.200000,1.000000
259.50,0.480000,0.299333,0.200000,0.400000,0.600000,0.200000,1.000000
259.75,0.480000,0.299333,0.200000,0.400000,0.600000,0.200000,1.000000
260.00,0.480000,0.299333,0.200000,0.400000,0.600000,0.200000,1.000000
260.25,0.480000,0.299333,0.200000,0.400000,0.600000,0.200000,1.000000
260.50,0.480000,0.299333,0.200000,0.400000,0.600000,0.200000,1.000000
260.75,0.480000,0.299333,0.200000,0.400000,0.600000,0.200000,1.000000
261.00,0.480000,0.299333,0.200000,0.400000,0.600000,0.200000,1.000000
261.25,0.480000,0.299333,0.200000,0.400000,0.600000,0.200000,1.000000
261.50,0.480000,0.299333,0.200000,0.400000,0.600000,0.200000,1.000000
261.75,0.480000,0.299333,0.200000,0.400000,0.600000,0.200000,1.000000
262.00,0.480000,0.299333,0.200000,0.400000,0.600000,0.200000,1.000000
262.25,0.480000,0.299333,0.200000,0.400000,0.600000,0.200000,1.000000
262.50,0.480000,0.299333,0.200000,0.400000,0.600000,0.200000,1.000000
262.75,0.480000,0.299333,0.200000,0.400000,0.600000,0.200000,1.000000
263.00,0.480000,0.299333,0.200000,0.400000,0.600000,0.200000,1.000000
263.25,0.480000,0.299333,0.200000,0.400000,0.600000,0.200000,1.000000
263.50,0.480000,0.299333,0.200000,0.400000,0.600000,0.200000,1.000000
263.75,0.480000,0.299333,0.200000,0.400000,0.600000,0.200000,1.000000
264.00,0.480000,0.299333,0.200000,0.400000,0.600000,0.200000,1.000000
264.25,0.480000,0.299333,0.200000,0.400000,0.600000,0.200000,1.000000
264.50,0.480000,0.299333,0.200000,0.400000,0.600000,0.200000,1.000000
264.75,0.480000,0.299333,0.200000,0.400000,0.600000,0.200000,1.000000
265.00,0.480000,0.299333,0.200000,0.400000,0.600000,0.200000,1.000000
265.25,0.480000,0.299333,0.200000,0.400000,0.600000,0.200000,1.000000
265.50,0.480000,0.299333,0.200000,0.400000,0.600000,0.200000,1.000000
265.75,0.480000,0.299333,0.200000,0.400000,0.600000,0.200000,1.000000
266.00,0.480000,0.299333,0.200000,0.400000,0.600000,0.200000,1.000000
266.25,0.480000,0.299333,0.200000,0.400000,0.600000,0.200000,1.000000
266.50,0.480000,0.299333,0.200000,0.400000,0.600000,0.200000,1.000000
266.75,0.480000,0.299333,0.200000,0.400000,0.600000,0.200000,1.000000
267.00,0.480000,0.299333,0.200000,0.400000,0.600000,0.200000,1.000000
267.25,0.480000,0.299333,0.200000,0.400000,0.600000,0.200000,1.000000
267.50,0.480000,0.299333,0.200000,0.400000,0.600000,0.200000,1.000000
267.75,0.480000,0.299333,0.200000,0.400000,0.600000,0.200000,1.000000
268.00,0.480000,0.299333,0.200000,0.400000,0.600000,0.200000,1.000000
268.25,0.480000,0.299333,0.200000,0.400000,0.600000,0.200000,1.000000
268.50,0.480000,0.299333,0.200000,0.400000,0.600000,0.200000,1.000000
268.75,0.480000,0.299333,0.200000,0.400000,0.600000,0.200000,1.000000
269.00,0.480000,0.299333,0.200000,0.400000,0.600000,0.200000,1.000000
269.25,0.480000,0.299333,0.200000,0.400000,0.600000,0.200000,1.000000
269.50,0.480000,0.299333,0.200000,0.400000,0.600000,0.200000,1.000000
269.75,0.480000,0.299333,0.200000,0.400000,0.600000,0.200000,1.000000
270.00,0.480000,0.299333,0.200000,0.400000,0.600000,0.200000,1.000000
270.25,0.480000,0.299333,0.200000,0.400000,0.600000,0.200000,1.000000
270.50,0.480000,0.299333,0.200000,0.400000,0.600000,0.200000,1.000000
270.75,0.480000,0.299333,0.200000,0.400000,0.600000,0.200000,1.000000
271.00,0.480000,0.299333,0.200000,0.400000,0.600000,0.200000,1.000000
271.25,0.480000,0.299333,0.200000,0.400000,0.600000,0.200000,1.000000
271.50,0.480000,0.299333,0.200000,0.400000,0.600000,0.200000,1.000000
271.75,0.480000,0.299333,0.200000,0.400000,0.600000,0.200000,1.000000
272.00,0.480000,0.299333,0.200000,0.400000,0.600000,0.200000,1.000000
272.25,0.480000,0.299333,0.200000,0.400000,0.600000,0.200000,1.000000
272.50,0.480000,0.299333,0.200000,0.400000,0.600000,0.200000,1.000000
272.75,0.480000,0.299333,0.200000,0.400000,0.600000,0.200000,1.000000
273.00,0.480000,0.299333,0.200000,0.400000,0.600000,0.200000,1.000000
273.25,0.480000,0.299333,0.200000,0.400000,0.600000,0.200000,1.000000
273.50,0.480000,0.299333,0.200000,0.400000,0.600000,0.200000,1.000000
273.75,0.440000,0.233238,0.200000,0.400000,0.600000,0.200000,0.800000
274.00,0.440000,0.233238,0.200000,0.400000,0.600000,0.200000,0.800000
274.25,0.440000,0.233238,0.200000,0.400000,0.600000,0.200000,0.800000
274.50,0.440000,0.233238,0.200000,0.400000,0.600000,0.200000,0.800000
274.75,0.440000,0.233238,0.200000,0.400000,0.600000,0.200000,0.800000
275.00,0.480000,0.299333,0.200000,0.400000,0.600000,0.200000,1.000000
275.25,0.440000,0.233238,0.200000,0.400000,0.600000,0.200000,0.800000
275.50,0.480000,0.299333,0.200000,0.400000,0.600000,0.200000,1.000000
275.75,0.440000,0.233238,0.200000,0.400000,0.600000,0.200000,0.800000
276.00,0.440000,0.233238,0.200000,0.400000,0.600000,0.200000,0.800000
276.25,0.440000,0.233238,0.200000,0.400000,0.600000,0.200000,0.800000
276.50,0.440000,0.233238,0.200000,0.400000,0.600000,0.200000,0.800000
276.75,0.440000,0.233238,0.200000,0.400000,0.600000,0.200000,0.800000
277.00,0.440000,0.233238,0.200000,0.400000,0.600000,0.200000,0.800000
277.25,0.440000,0.233238,0.200000,0.400000,0.600000,0.200000,0.800000
277.50,0.440000,0.233238,0.200000,0.400000,0.600000,0.200000,0.800000
277.75,0.440000,0.233238,0.200000,0.400000,0.600000,0.200000,0.800000
278.00,0.440000,0.233238,0.200000,0.400000,0.600000,0.200000,0.800000
278.25,0.400000,0.178885,0.200000,0.400000,0.600000,0.200000,0.600000
278.50,0.400000,0.178885,0.200000,0.400000,0.600000,0.200000,0.600000
278.75,0.400000,0.178885,0.200000,0.400000,0.600000,0.200000,0.600000
279.00,0.400000,0.178885,0.200000,0.400000,0.600000,0.200000,0.600000
279.25,0.400000,0.178885,0.200000,0.400000,0.600000,0.200000,0.600000
279.50,0.400000,0.178885,0.200000,0.400000,0.600000,0.200000,0.600000
279.75,0.360000,0.195959,0.200000,0.200000,0.600000,0.200000,0.600000
280.00,0.400000,0.178885,0.200000,0.400000,0.600000,0.200000,0.600000
280.25,0.400000,0.178885,0.200000,0.400000,0.600000,0.200000,0.600000
280.50,0.400000,0.178885,0.200000,0.400000,0.600000,0.200000,0.600000
280.75,0.400000,0.178885,0.200000,0.400000,0.600000,0.200000,0.600000
281.00,0.360000,0.195959,0.200000,0.200000,0.600000,0.200000,0.600000
281.25,0.360000,0.195959,0.200000,0.200000,0.600000,0.200000,0.600000
281.50,0.360000,0.195959,0.200000,0.200000,0.600000,0.200000,0.600000
281.75,0.360000,0.195959,0.200000,0.200000,0.600000,0.200000,0.600000
282.00,0.360000,0.195959,0.200000,0.200000,0.600000,0.200000,0.600000
282.25,0.360000,0.195959,0.200000,0.200000,0.600000,0.200000,0.600000
282.50,0.360000,0.195959,0.200000,0.200000,0.600000,0.200000,0.600000
282.75,0.360000,0.195959,0.200000,0.200000,0.600000,0.200000,0.600000
283.00,0.360000,0.195959,0.200000,0.200000,0.600000,0.200000,0.600000
283.25,0.360000,0.195959,0.200000,0.200000,0.600000,0.200000,0.600000
283.50,0.360000,0.195959,0.200000,0.200000,0.600000,0.200000,0.600000
283.75,0.360000,0.195959,0.200000,0.200000,0.600000,0.200000,0.600000
284.00,0.360000,0.195959,0.200000,0.200000,0.600000,0.200000,0.600000
284.25,0.360000,0.195959,0.200000,0.200000,0.600000,0.200000,0.600000
284.50,0.360000,0.195959,0.200000,0.200000,0.600000,0.200000,0.600000
284.75,0.360000,0.195959,0.200000,0.200000,0.600000,0.200000,0.600000
285.00,0.360000,0.195959,0.200000,0.200000,0.600000,0.200000,0.600000
285.25,0.360000,0.195959,0.200000,0.200000,0.600000,0.200000,0.600000
285.50,0.360000,0.195959,0.200000,0.200000,0.600000,0.200000,0.600000
285.75,0.360000,0.195959,0.200000,0.200000,0.600000,0.200000,0.600000
286.00,0.360000,0.195959,0.200000,0.200000,0.600000,0.200000,0.600000
286.25,0.360000,0.195959,0.200000,0.200000,0.600000,0.200000,0.600000
286.50,0.360000,0.195959,0.200000,0.200000,0.600000,0.200000,0.600000
286.75,0.360000,0.195959,0.200000,0.200000,0.600000,0.200000,0.600000
287.00,0.360000,0.195959,0.200000,0.200000,0.600000,0.200000,0.600000
287.25,0.360000,0.195959,0.200000,0.200000,0.600000,0.200000,0.600000
287.50,0.360000,0.195959,0.200000,0.200000,0.600000,0.200000,0.600000
287.75,0.360000,0.195959,0.200000,0.200000,0.600000,0.200000,0.600000
288.00,0.360000,0.195959,0.200000,0.200000,0.600000,0.200000,0.600000
288.25,0.360000,0.195959,0.200000,0.200000,0.600000,0.200000,0.600000
288.50,0.360000,0.195959,0.200000,0.200000,0.600000,0.200000,0.600000
288.75,0.360000,0.195959,0.200000,0.200000,0.600000,0.200000,0.600000
289.00,0.360000,0.195959,0.200000,0.200000,0.600000,0.200000,0.600000
289.25,0.360000,0.195959,0.200000,0.200000,0.600000,0.200000,0.600000
289.50,0.360000,0.195959,0.200000,0.200000,0.600000,0.200000,0.600000
289.75,0.360000,0.195959,0.200000,0.200000,0.600000,0.200000,0.600000
290.00,0.360000,0.195959,0.200000,0.200000,0.600000,0.200000,0.600000
290.25,0.360000,0.195959,0.200000,0.200000,0.600000,0.200000,0.600000
290.50,0.360000,0.195959,0.200000,0.200000,0.600000,0.200000,0.600000
290.75,0.360000,0.195959,0.200000,0.200000,0.600000,0.200000,0.600000
291.00,0.360000,0.195959,0.200000,0.200000,0.600000,0.200000,0.600000
291.25,0.360000,0.195959,0.200000,0.200000,0.600000,0.200000,0.600000
291.50,0.360000,0.195959,0.200000,0.200000,0.600000,0.200000,0.600000
291.75,0.360000,0.195959,0.200000,0.200000,0.600000,0.200000,0.600000
292.00,0.360000,0.195959,0.200000,0.200000,0.600000,0.200000,0.600000
292.25,0.360000,0.195959,0.200000,0.200000,0.600000,0.200000,0.600000
292.50,0.360000,0.195959,0.200000,0.200000,0.600000,0.200000,0.600000
292.75,0.360000,0.195959,0.200000,0.200000,0.600000,0.200000,0.600000
293.00,0.360000,0.195959,0.200000,0.200000,0.600000,0.200000,0.600000
293.25,0.360000,0.195959,0.200000,0.200000,0.600000,0.200000,0.600000
293.50,0.360000,0.195959,0.200000,0.200000,0.600000,0.200000,0.600000
293.75,0.360000,0.195959,0.200000,0.200000,0.600000,0.200000,0.600000
294.00,0.360000,0.195959,0.200000,0.200000,0.600000,0.200000,0.600000
294.25,0.360000,0.195959,0.200000,0.200000,0.600000,0.200000,0.600000
294.50,0.360000,0.195959,0.200000,0.200000,0.600000,0.200000,0.600000
294.75,0.360000,0.195959,0.200000,0.200000,0.600000,0.200000,0.600000
295.00,0.360000,0.195959,0.200000,0.200000,0.600000,0.200000,0.600000
295.25,0.360000,0.195959,0.200000,0.200000,0.600000,0.200000,0.600000
295.50,0.360000,0.195959,0.200000,0.200000,0.600000,0.200000,0.600000
295.75,0.360000,0.195959,0.200000,0.200000,0.600000,0.200000,0.600000
296.00,0.360000,0.195959,0.200000,0.200000,0.600000,0.200000,0.600000
296.25,0.360000,0.195959,0.200000,0.200000,0.600000,0.200000,0.600000
296.50,0.360000,0.195959,0.200000,0.200000,0.600000,0.200000,0.600000
296.75,0.360000,0.195959,0.200000,0.200000,0.600000,0.200000,0.600000
297.00,0.360000,0.195959,0.200000,0.200000,0.600000,0.200000,0.600000
297.25,0.360000,0.195959,0.200000,0.200000,0.600000,0.200000,0.600000
297.50,0.360000,0.195959,0.200000,0.200000,0.600000,0.200000,0.600000
297.75,0.360000,0.195959,0.200000,0.200000,0.600000,0.200000,0.600000
298.00,0.360000,0.195959,0.200000,0.200000,0.600000,0.200000,0.600000
298.25,0.360000,0.195959,0.200000,0.200000,0.600000,0.200000,0.600000
298.50,0.360000,0.195959,0.200000,0.200000,0.600000,0.200000,0.600000
298.75,0.360000,0.195959,0.200000,0.200000,0.600000,0.200000,0.600000
299.00,0.360000,0.195959,0.200000,0.200000,0.600000,0.200000,0.600000
299.25,0.360000,0.195959,0.200000,0.200000,0.600000,0.200000,0.600000
299.50,0.360000,0.195959,0.200000,0.200000,0.600000,0.200000,0.600000
299.75,0.360000,0.195959,0.200000,0.200000,0.600000,0.200000,0.600000
300.00,0.360000,0.195959,0.200000,0.200000,0.600000,0.200000,0.600000
300.25,0.075000,0.100000,0.000000,0.250000,0.125000,0.000000,0.000000
300.50,0.075000,0.100000,0.000000,0.250000,0.125000,0.000000,0.000000
300.75,0.075000,0.100000,0.000000,0.250000,0.125000,0.000000,0.000000
301.00,0.075000,0.100000,0.000000,0.250000,0.125000,0.000000,0.000000
301.25,0.075000,0.100000,0.000000,0.250000,0.125000,0.000000,0.000000
301.50,0.075000,0.100000,0.000000,0.250000,0.125000,0.000000,0.000000
301.75,0.075000,0.100000,0.000000,0.250000,0.125000,0.000000,0.000000
302.00,0.075000,0.100000,0.000000,0.250000,0.125000,0.000000,0.000000
302.25,0.075000,0.100000,0.000000,0.250000,0.125000,0.000000,0.000000
302.50,0.075000,0.100000,0.000000,0.250000,0.125000,0.000000,0.000000
302.75,0.075000,0.100000,0.000000,0.250000,0.125000,0.000000,0.000000
303.00,0.075000,0.100000,0.000000,0.250000,0.125000,0.000000,0.000000
303.25,0.075000,0.100000,0.000000,0.250000,0.125000,0.000000,0.000000
303.50,0.075000,0.100000,0.000000,0.250000,0.125000,0.000000,0.000000
303.75,0.075000,0.100000,0.000000,0.250000,0.125000,0.000000,0.000000
304.00,0.075000,0.100000,0.000000,0.250000,0.125000,0.000000,0.000000
304.25,0.075000,0.100000,0.000000,0.250000,0.125000,0.000000,0.000000
304.50,0.075000,0.100000,0.000000,0.250000,0.125000,0.000000,0.000000
304.75,0.075000,0.100000,0.000000,0.250000,0.125000,0.000000,0.000000
305.00,0.075000,0.100000,0.000000,0.250000,0.125000,0.000000,0.000000
305.25,0.075000,0.100000,0.000000,0.250000,0.125000,0.000000,0.000000
305.50,0.075000,0.100000,0.000000,0.250000,0.125000,0.000000,0.000000
305.75,0.075000,0.100000,0.000000,0.250000,0.125000,0.000000,0.000000
306.00,0.075000,0.100000,0.000000,0.250000,0.125000,0.000000,0.000000
306.25,0.075000,0.100000,0.000000,0.250000,0.125000,0.000000,0.000000
306.50,0.075000,0.100000,0.000000,0.250000,0.125000,0.000000,0.000000
306.75,0.075000,0.100000,0.000000,0.250000,0.125000,0.000000,0.000000
307.00,0.075000,0.100000,0.000000,0.250000,0.125000,0.000000,0.000000
307.25,0.075000,0.100000,0.000000,0.250000,0.125000,0.000000,0.000000
307.50,0.075000,0.100000,0.000000,0.250000,0.125000,0.000000,0.000000
307.75,0.075000,0.100000,0.000000,0.250000,0.125000,0.000000,0.000000
308.00,0.075000,0.100000,0.000000,0.250000,0.125000,0.000000,0.000000
308.25,0.075000,0.100000,0.000000,0.250000,0.125000,0.000000,0.000000
308.50,0.075000,0.100000,0.000000,0.250000,0.125000,0.000000,0.000000
308.75,0.075000,0.100000,0.000000,0.250000,0.125000,0.000000,0.000000
309.00,0.075000,0.100000,0.000000,0.250000,0.125000,0.000000,0.000000
309.25,0.075000,0.100000,0.000000,0.250000,0.125000,0.000000,0.000000
309.50,0.075000,0.100000,0.000000,0.250000,0.125000,0.000000,0.000000
309.75,0.075000,0.100000,0.000000,0.250000,0.125000,0.000000,0.000000
310.00,0.075000,0.100000,0.000000,0.250000,0.125000,0.000000,0.000000
310.25,0.075000,0.100000,0.000000,0.250000,0.125000,0.000000,0.000000
310.50,0.075000,0.100000,0.000000,0.250000,0.125000,0.000000,0.000000
310.75,0.075000,0.100000,0.000000,0.250000,0.125000,0.000000,0.000000
311.00,0.075000,0.100000,0.000000,0.250000,0.125000,0.000000,0.000000
311.25,0.075000,0.100000,0.000000,0.250000,0.125000,0.000000,0.000000
311.50,0.075000,0.100000,0.000000,0.250000,0.125000,0.000000,0.000000
311.75,0.075000,0.100000,0.000000,0.250000,0.125000,0.000000,0.000000
312.00,0.075000,0.100000,0.000000,0.250000,0.125000,0.000000,0.000000
312.25,0.075000,0.100000,0.000000,0.250000,0.125000,0.000000,0.000000
312.50,0.075000,0.100000,0.000000,0.250000,0.125000,0.000000,0.000000
312.75,0.075000,0.100000,0.000000,0.250000,0.125000,0.000000,0.000000
313.00,0.075000,0.100000,0.000000,0.250000,0.125000,0.000000,0.000000
313.25,0.075000,0.100000,0.000000,0.250000,0.125000,0.000000,0.000000
313.50,0.075000,0.100000,0.000000,0.250000,0.125000,0.000000,0.000000
313.75,0.075000,0.100000,0.000000,0.250000,0.125000,0.000000,0.000000
314.00,0.075000,0.100000,0.000000,0.250000,0.125000,0.000000,0.000000
314.25,0.075000,0.100000,0.000000,0.250000,0.125000,0.000000,0.000000
314.50,0.075000,0.100000,0.000000,0.250000,0.125000,0.000000,0.000000
314.75,0.075000,0.100000,0.000000,0.250000,0.125000,0.000000,0.000000
315.00,0.075000,0.100000,0.000000,0.250000,0.125000,0.000000,0.000000
315.25,0.100000,0.093541,0.000000,0.250000,0.125000,0.000000,0.125000
315.50,0.075000,0.100000,0.000000,0.250000,0.125000,0.000000,0.000000
315.75,0.100000,0.093541,0.000000,0.250000,0.125000,0.000000,0.125000
316.00,0.100000,0.093541,0.000000,0.250000,0.125000,0.000000,0.125000
316.25,0.100000,0.093541,0.000000,0.250000,0.125000,0.000000,0.125000
316.50,0.100000,0.093541,0.000000,0.250000,0.125000,0.000000,0.125000
316.75,0.100000,0.093541,0.000000,0.250000,0.125000,0.000000,0.125000
317.00,0.100000,0.093541,0.000000,0.250000,0.125000,0.000000,0.125000
317.25,0.100000,0.093541,0.000000,0.250000,0.125000,0.000000,0.125000
317.50,0.100000,0.093541,0.000000,0.250000,0.125000,0.000000,0.125000
317.75,0.100000,0.093541,0.000000,0.250000,0.125000,0.000000,0.125000
318.00,0.100000,0.093541,0.000000,0.250000,0.125000,0.000000,0.125000
318.25,0.100000,0.093541,0.000000,0.250000,0.125000,0.000000,0.125000
318.50,0.100000,0.093541,0.000000,0.250000,0.125000,0.000000,0.125000
318.75,0.100000,0.093541,0.000000,0.250000,0.125000,0.000000,0.125000
319.00,0.100000,0.093541,0.000000,0.250000,0.125000,0.000000,0.125000
319.25,0.100000,0.093541,0.000000,0.250000,0.125000,0.000000,0.125000
319.50,0.100000,0.093541,0.000000,0.250000,0.125000,0.000000,0.125000
319.75,0.100000,0.093541,0.000000,0.250000,0.125000,0.000000,0.125000
320.00,0.100000,0.093541,0.000000,0.250000,0.125000,0.000000,0.125000
320.25,0.100000,0.093541,0.000000,0.250000,0.125000,0.000000,0.125000
320.50,0.100000,0.093541,0.000000,0.250000,0.125000,0.000000,0.125000
320.75,0.100000,0.093541,0.000000,0.250000,0.125000,0.000000,0.125000
321.00,0.125000,0.111803,0.000000,0.250000,0.250000,0.000000,0.125000
321.25,0.125000,0.111803,0.000000,0.250000,0.250000,0.000000,0.125000
321.50,0.125000,0.111803,0.000000,0.250000,0.250000,0.000000,0.125000
321.75,0.125000,0.111803,0.000000,0.250000,0.250000,0.000000,0.125000
322.00,0.125000,0.111803,0.000000,0.250000,0.250000,0.000000,0.125000
322.25,0.125000,0.111803,0.000000,0.250000,0.250000,0.000000,0.125000
322.50,0.125000,0.111803,0.000000,0.250000,0.250000,0.000000,0.125000
322.75,0.125000,0.111803,0.000000,0.250000,0.250000,0.000000,0.125000
323.00,0.125000,0.111803,0.000000,0.250000,0.250000,0.000000,0.125000
323.25,0.125000,0.111803,0.000000,0.250000,0.250000,0.000000,0.125000
323.50,0.125000,0.111803,0.000000,0.250000,0.250000,0.000000,0.125000
323.75,0.125000,0.111803,0.000000,0.250000,0.250000,0.000000,0.125000
324.00,0.125000,0.111803,0.000000,0.250000,0.250000,0.000000,0.125000
324.25,0.125000,0.111803,0.000000,0.250000,0.250000,0.000000,0.125000
324.50,0.125000,0.111803,0.000000,0.250000,0.250000,0.000000,0.125000
324.75,0.125000,0.111803,0.000000,0.250000,0.250000,0.000000,0.125000
325.00,0.125000,0.111803,0.000000,0.250000,0.250000,0.000000,0.125000
325.25,0.125000,0.111803,0.000000,0.250000,0.250000,0.000000,0.125000
325.50,0.125000,0.111803,0.000000,0.250000,0.250000,0.000000,0.125000
325.75,0.125000,0.111803,0.000000,0.250000,0.250000,0.000000,0.125000
326.00,0.125000,0.111803,0.000000,0.250000,0.250000,0.000000,0.125000
326.25,0.125000,0.111803,0.000000,0.250000,0.250000,0.000000,0.125000
326.50,0.125000,0.111803,0.000000,0.250000,0.250000,0.000000,0.125000
326.75,0.125000,0.111803,0.000000,0.250000,0.250000,0.000000,0.125000
327.00,0.125000,0.111803,0.000000,0.250000,0.250000,0.000000,0.125000
327.25,0.125000,0.111803,0.000000,0.250000,0.250000,0.000000,0.125000
327.50,0.125000,0.111803,0.000000,0.250000,0.250000,0.000000,0.125000
327.75,0.125000,0.111803,0.000000,0.250000,0.250000,0.000000,0.125000
328.00,0.125000,0.111803,0.000000,0.250000,0.250000,0.000000,0.125000
328.25,0.150000,0.145774,0.000000,0.375000,0.250000,0.000000,0.125000
328.50,0.150000,0.145774,0.000000,0.375000,0.250000,0.000000,0.125000
328.75,0.150000,0.145774,0.000000,0.375000,0.250000,0.000000,0.125000
329.00,0.150000,0.145774,0.000000,0.375000,0.250000,0.000000,0.125000
329.25,0.150000,0.145774,0.000000,0.375000,0.250000,0.000000,0.125000
329.50,0.150000,0.145774,0.000000,0.375000,0.250000,0.000000,0.125000
329.75,0.150000,0.145774,0.000000,0.375000,0.250000,0.000000,0.125000
330.00,0.150000,0.145774,0.000000,0.375000,0.250000,0.000000,0.125000
330.25,0.150000,0.145774,0.000000,0.375000,0.250000,0.000000,0.125000
330.50,0.150000,0.145774,0.000000,0.375000,0.250000,0.000000,0.125000
330.75,0.150000,0.145774,0.000000,0.375000,0.250000,0.000000,0.125000
331.00,0.150000,0.145774,0.000000,0.375000,0.250000,0.000000,0.125000
331.25,0.150000,0.145774,0.000000,0.375000,0.250000,0.000000,0.125000
331.50,0.150000,0.145774,0.000000,0.375000,0.250000,0.000000,0.125000
331.75,0.150000,0.145774,0.000000,0.375000,0.250000,0.000000,0.125000
332.00,0.150000,0.145774,0.000000,0.375000,0.250000,0.000000,0.125000
332.25,0.150000,0.145774,0.000000,0.375000,0.250000,0.000000,0.125000
332.50,0.150000,0.145774,0.000000,0.375000,0.250000,0.000000,0.125000
332.75,0.150000,0.145774,0.000000,0.375000,0.250000,0.000000,0.125000
333.00,0.150000,0.145774,0.000000,0.375000,0.250000,0.000000,0.125000
333.25,0.150000,0.145774,0.000000,0.375000,0.250000,0.000000,0.125000
333.50,0.150000,0.145774,0.000000,0.375000,0.250000,0.000000,0.125000
333.75,0.150000,0.145774,0.000000,0.375000,0.250000,0.000000,0.125000
334.00,0.150000,0.145774,0.000000,0.375000,0.250000,0.000000,0.125000
334.25,0.150000,0.145774,0.000000,0.375000,0.250000,0.000000,0.125000
334.50,0.150000,0.145774,0.000000,0.375000,0.250000,0.000000,0.125000
334.75,0.150000,0.145774,0.000000,0.375000,0.250000,0.000000,0.125000
335.00,0.150000,0.145774,0.000000,0.375000,0.250000,0.000000,0.125000
335.25,0.150000,0.145774,0.000000,0.375000,0.250000,0.000000,0.125000
335.50,0.150000,0.145774,0.000000,0.375000,0.250000,0.000000,0.125000
335.75,0.150000,0.145774,0.000000,0.375000,0.250000,0.000000,0.125000
336.00,0.150000,0.145774,0.000000,0.375000,0.250000,0.000000,0.125000
336.25,0.150000,0.145774,0.000000,0.375000,0.250000,0.000000,0.125000
336.50,0.150000,0.145774,0.000000,0.375000,0.250000,0.000000,0.125000
336.75,0.150000,0.145774,0.000000,0.375000,0.250000,0.000000,0.125000
337.00,0.150000,0.145774,0.000000,0.375000,0.250000,0.000000,0.125000
337.25,0.150000,0.145774,0.000000,0.375000,0.250000,0.000000,0.125000
337.50,0.150000,0.145774,0.000000,0.375000,0.250000,0.000000,0.125000
337.75,0.150000,0.145774,0.000000,0.375000,0.250000,0.000000,0.125000
338.00,0.150000,0.145774,0.000000,0.375000,0.250000,0.000000,0.125000
338.25,0.150000,0.145774,0.000000,0.375000,0.250000,0.000000,0.125000
338.50,0.125000,0.111803,0.000000,0.250000,0.250000,0.000000,0.125000
338.75,0.125000,0.111803,0.000000,0.250000,0.250000,0.000000,0.125000
339.00,0.125000,0.111803,0.000000,0.250000,0.250000,0.000000,0.125000
339.25,0.125000,0.111803,0.000000,0.250000,0.250000,0.000000,0.125000
339.50,0.125000,0.111803,0.000000,0.250000,0.250000,0.000000,0.125000
339.75,0.125000,0.111803,0.000000,0.250000,0.250000,0.000000,0.125000
340.00,0.125000,0.111803,0.000000,0.250000,0.250000,0.000000,0.125000
340.25,0.125000,0.111803,0.000000,0.250000,0.250000,0.000000,0.125000
340.50,0.125000,0.111803,0.000000,0.250000,0.250000,0.000000,0.125000
340.75,0.125000,0.111803,0.000000,0.250000,0.250000,0.000000,0.125000
341.00,0.125000,0.111803,0.000000,0.250000,0.250000,0.000000,0.125000
341.25,0.125000,0.111803,0.000000,0.250000,0.250000,0.000000,0.125000
341.50,0.125000,0.111803,0.000000,0.250000,0.250000,0.000000,0.125000
341.75,0.125000,0.111803,0.000000,0.250000,0.250000,0.000000,0.125000
342.00,0.125000,0.111803,0.000000,0.250000,0.250000,0.000000,0.125000
342.25,0.150000,0.145774,0.000000,0.375000,0.250000,0.000000,0.125000
342.50,0.150000,0.145774,0.000000,0.375000,0.250000,0.000000,0.125000
342.75,0.150000,0.145774,0.000000,0.375000,0.250000,0.000000,0.125000
343.00,0.150000,0.145774,0.000000,0.375000,0.250000,0.000000,0.125000
343.25,0.150000,0.145774,0.000000,0.375000,0.250000,0.000000,0.125000
343.50,0.150000,0.145774,0.000000,0.375000,0.250000,0.000000,0.125000
343.75,0.150000,0.145774,0.000000,0.375000,0.250000,0.000000,0.125000
344.00,0.150000,0.145774,0.000000,0.375000,0.250000,0.000000,0.125000
344.25,0.150000,0.145774,0.000000,0.375000,0.250000,0.000000,0.125000
344.50,0.150000,0.145774,0.000000,0.375000,0.250000,0.000000,0.125000
344.75,0.150000,0.145774,0.000000,0.375000,0.250000,0.000000,0.125000
345.00,0.175000,0.187083,0.000000,0.500000,0.250000,0.000000,0.125000
345.25,0.175000,0.187083,0.000000,0.500000,0.250000,0.000000,0.125000
345.50,0.200000,0.169558,0.000000,0.500000,0.250000,0.125000,0.125000
345.75,0.225000,0.165831,0.000000,0.500000,0.250000,0.125000,0.250000
346.00,0.225000,0.165831,0.000000,0.500000,0.250000,0.125000,0.250000
346.25,0.225000,0.165831,0.000000,0.500000,0.250000,0.125000,0.250000
346.50,0.225000,0.165831,0.000000,0.500000,0.250000,0.125000,0.250000
346.75,0.225000,0.165831,0.000000,0.500000,0.250000,0.125000,0.250000
347.00,0.225000,0.165831,0.000000,0.500000,0.250000,0.125000,0.250000
347.25,0.225000,0.165831,0.000000,0.500000,0.250000,0.125000,0.250000
347.50,0.225000,0.165831,0.000000,0.500000,0.250000,0.125000,0.250000
347.75,0.225000,0.165831,0.000000,0.500000,0.250000,0.125000,0.250000
348.00,0.225000,0.165831,0.000000,0.500000,0.250000,0.125000,0.250000
348.25,0.225000,0.165831,0.000000,0.500000,0.250000,0.125000,0.250000
348.50,0.225000,0.165831,0.000000,0.500000,0.250000,0.125000,0.250000
348.75,0.225000,0.165831,0.000000,0.500000,0.250000,0.125000,0.250000
349.00,0.250000,0.209165,0.000000,0.625000,0.250000,0.125000,0.250000
349.25,0.250000,0.209165,0.000000,0.625000,0.250000,0.125000,0.250000
349.50,0.250000,0.209165,0.000000,0.625000,0.250000,0.125000,0.250000
349.75,0.250000,0.209165,0.000000,0.625000,0.250000,0.125000,0.250000
350.00,0.250000,0.209165,0.000000,0.625000,0.250000,0.125000,0.250000
350.25,0.250000,0.209165,0.000000,0.625000,0.250000,0.125000,0.250000
350.50,0.250000,0.209165,0.000000,0.625000,0.250000,0.125000,0.250000
350.75,0.250000,0.209165,0.000000,0.625000,0.250000,0.125000,0.250000
351.00,0.250000,0.209165,0.000000,0.625000,0.250000,0.125000,0.250000
351.25,0.250000,0.209165,0.000000,0.625000,0.250000,0.125000,0.250000
351.50,0.275000,0.254951,0.000000,0.750000,0.250000,0.125000,0.250000
351.75,0.275000,0.254951,0.000000,0.750000,0.250000,0.125000,0.250000
352.00,0.275000,0.254951,0.000000,0.750000,0.250000,0.125000,0.250000
352.25,0.250000,0.209165,0.000000,0.625000,0.250000,0.125000,0.250000
352.50,0.275000,0.200000,0.000000,0.625000,0.250000,0.250000,0.250000
352.75,0.275000,0.200000,0.000000,0.625000,0.250000,0.250000,0.250000
353.00,0.275000,0.200000,0.000000,0.625000,0.250000,0.250000,0.250000
353.25,0.275000,0.200000,0.000000,0.625000,0.250000,0.250000,0.250000
353.50,0.275000,0.200000,0.000000,0.625000,0.250000,0.250000,0.250000
353.75,0.275000,0.200000,0.000000,0.625000,0.250000,0.250000,0.250000
354.00,0.275000,0.200000,0.000000,0.625000,0.250000,0.250000,0.250000
354.25,0.275000,0.200000,0.000000,0.625000,0.250000,0.250000,0.250000
354.50,0.275000,0.200000,0.000000,0.625000,0.250000,0.250000,0.250000
354.75,0.275000,0.200000,0.000000,0.625000,0.250000,0.250000,0.250000
355.00,0.275000,0.200000,0.000000,0.625000,0.250000,0.250000,0.250000
355.25,0.275000,0.200000,0.000000,0.625000,0.250000,0.250000,0.250000
355.50,0.275000,0.200000,0.000000,0.625000,0.250000,0.250000,0.250000
355.75,0.275000,0.200000,0.000000,0.625000,0.250000,0.250000,0.250000
356.00,0.275000,0.200000,0.000000,0.625000,0.250000,0.250000,0.250000
356.25,0.275000,0.200000,0.000000,0.625000,0.250000,0.250000,0.250000
356.50,0.275000,0.200000,0.000000,0.625000,0.250000,0.250000,0.250000
356.75,0.275000,0.200000,0.000000,0.625000,0.250000,0.250000,0.250000
357.00,0.275000,0.200000,0.000000,0.625000,0.250000,0.250000,0.250000
357.25,0.275000,0.200000,0.000000,0.625000,0.250000,0.250000,0.250000
357.50,0.275000,0.200000,0.000000,0.625000,0.250000,0.250000,0.250000
357.75,0.275000,0.200000,0.000000,0.625000,0.250000,0.250000,0.250000
358.00,0.275000,0.200000,0.000000,0.625000,0.250000,0.250000,0.250000
358.25,0.275000,0.200000,0.000000,0.625000,0.250000,0.250000,0.250000
358.50,0.275000,0.200000,0.000000,0.625000,0.250000,0.250000,0.250000
358.75,0.275000,0.200000,0.000000,0.625000,0.250000,0.250000,0.250000
359.00,0.275000,0.200000,0.000000,0.625000,0.250000,0.250000,0.250000
359.25,0.275000,0.200000,0.000000,0.625000,0.250000,0.250000,0.250000
359.50,0.275000,0.200000,0.000000,0.625000,0.250000,0.250000,0.250000
359.75,0.275000,0.200000,0.000000,0.625000,0.250000,0.250000,0.250000
360.00,0.275000,0.200000,0.000000,0.625000,0.250000,0.250000,0.250000
360.25,0.275000,0.200000,0.000000,0.625000,0.250000,0.250000,0.250000
360.50,0.275000,0.200000,0.000000,0.625000,0.250000,0.250000,0.250000
360.75,0.275000,0.200000,0.000000,0.625000,0.250000,0.250000,0.250000
361.00,0.275000,0.200000,0.000000,0.625000,0.250000,0.250000,0.250000
361.25,0.275000,0.200000,0.000000,0.625000,0.250000,0.250000,0.250000
361.50,0.275000,0.200000,0.000000,0.625000,0.250000,0.250000,0.250000
361.75,0.275000,0.200000,0.000000,0.625000,0.250000,0.250000,0.250000
362.00,0.275000,0.200000,0.000000,0.625000,0.250000,0.250000,0.250000
362.25,0.275000,0.200000,0.000000,0.625000,0.250000,0.250000,0.250000
362.50,0.275000,0.200000,0.000000,0.625000,0.250000,0.250000,0.250000
362.75,0.275000,0.200000,0.000000,0.625000,0.250000,0.250000,0.250000
363.00,0.275000,0.200000,0.000000,0.625000,0.250000,0.250000,0.250000
363.25,0.275000,0.200000,0.000000,0.625000,0.250000,0.250000,0.250000
363.50,0.275000,0.200000,0.000000,0.625000,0.250000,0.250000,0.250000
363.75,0.275000,0.200000,0.000000,0.625000,0.250000,0.250000,0.250000
364.00,0.275000,0.200000,0.000000,0.625000,0.250000,0.250000,0.250000
364.25,0.275000,0.200000,0.000000,0.625000,0.250000,0.250000,0.250000
364.50,0.275000,0.200000,0.000000,0.625000,0.250000,0.250000,0.250000
364.75,0.275000,0.200000,0.000000,0.625000,0.250000,0.250000,0.250000
365.00,0.275000,0.200000,0.000000,0.625000,0.250000,0.250000,0.250000
365.25,0.275000,0.200000,0.000000,0.625000,0.250000,0.250000,0.250000
365.50,0.275000,0.200000,0.000000,0.625000,0.250000,0.250000,0.250000
365.75,0.275000,0.200000,0.000000,0.625000,0.250000,0.250000,0.250000
366.00,0.275000,0.200000,0.000000,0.625000,0.250000,0.250000,0.250000
366.25,0.275000,0.200000,0.000000,0.625000,0.250000,0.250000,0.250000
366.50,0.275000,0.200000,0.000000,0.625000,0.250000,0.250000,0.250000
366.75,0.275000,0.200000,0.000000,0.625000,0.250000,0.250000,0.250000
367.00,0.275000,0.200000,0.000000,0.625000,0.250000,0.250000,0.250000
367.25,0.275000,0.200000,0.000000,0.625000,0.250000,0.250000,0.250000
367.50,0.275000,0.200000,0.000000,0.625000,0.250000,0.250000,0.250000
367.75,0.300000,0.203101,0.000000,0.625000,0.250000,0.375000,0.250000
368.00,0.300000,0.203101,0.000000,0.625000,0.250000,0.375000,0.250000
368.25,0.300000,0.203101,0.000000,0.625000,0.250000,0.375000,0.250000
368.50,0.300000,0.203101,0.000000,0.625000,0.250000,0.375000,0.250000
368.75,0.300000,0.203101,0.000000,0.625000,0.250000,0.375000,0.250000
369.00,0.300000,0.203101,0.000000,0.625000,0.250000,0.375000,0.250000
369.25,0.300000,0.203101,0.000000,0.625000,0.250000,0.375000,0.250000
369.50,0.300000,0.203101,0.000000,0.625000,0.250000,0.375000,0.250000
369.75,0.300000,0.203101,0.000000,0.625000,0.250000,0.375000,0.250000
370.00,0.300000,0.203101,0.000000,0.625000,0.250000,0.375000,0.250000
370.25,0.300000,0.203101,0.000000,0.625000,0.250000,0.375000,0.250000
370.50,0.300000,0.203101,0.000000,0.625000,0.250000,0.375000,0.250000
370.75,0.300000,0.203101,0.000000,0.625000,0.250000,0.375000,0.250000
371.00,0.300000,0.203101,0.000000,0.625000,0.250000,0.375000,0.250000
371.25,0.300000,0.203101,0.000000,0.625000,0.250000,0.375000,0.250000
371.50,0.300000,0.203101,0.000000,0.625000,0.250000,0.375000,0.250000
371.75,0.300000,0.203101,0.000000,0.625000,0.250000,0.375000,0.250000
372.00,0.300000,0.203101,0.000000,0.625000,0.250000,0.375000,0.250000
372.25,0.300000,0.203101,0.000000,0.625000,0.250000,0.375000,0.250000
372.50,0.325000,0.217945,0.000000,0.625000,0.250000,0.500000,0.250000
372.75,0.325000,0.217945,0.000000,0.625000,0.250000,0.500000,0.250000
373.00,0.325000,0.217945,0.000000,0.625000,0.250000,0.500000,0.250000
373.25,0.350000,0.242384,0.000000,0.625000,0.250000,0.625000,0.250000
373.50,0.350000,0.242384,0.000000,0.625000,0.250000,0.625000,0.250000
373.75,0.350000,0.242384,0.000000,0.625000,0.250000,0.625000,0.250000
374.00,0.375000,0.273861,0.000000,0.625000,0.250000,0.750000,0.250000
374.25,0.375000,0.273861,0.000000,0.625000,0.250000,0.750000,0.250000
374.50,0.375000,0.273861,0.000000,0.625000,0.250000,0.750000,0.250000
374.75,0.375000,0.273861,0.000000,0.625000,0.250000,0.750000,0.250000
375.00,0.375000,0.273861,0.000000,0.625000,0.250000,0.750000,0.250000
375.25,0.375000,0.273861,0.000000,0.625000,0.250000,0.750000,0.250000
375.50,0.375000,0.273861,0.000000,0.625000,0.250000,0.750000,0.250000
375.75,0.375000,0.273861,0.000000,0.625000,0.250000,0.750000,0.250000
376.00,0.375000,0.273861,0.000000,0.625000,0.250000,0.750000,0.250000
376.25,0.375000,0.273861,0.000000,0.625000,0.250000,0.750000,0.250000
376.50,0.375000,0.273861,0.000000,0.625000,0.250000,0.750000,0.250000
376.75,0.375000,0.273861,0.000000,0.625000,0.250000,0.750000,0.250000
377.00,0.375000,0.273861,0.000000,0.625000,0.250000,0.750000,0.250000
377.25,0.375000,0.273861,0.000000,0.625000,0.250000,0.750000,0.250000
377.50,0.375000,0.273861,0.000000,0.625000,0.250000,0.750000,0.250000
377.75,0.375000,0.273861,0.000000,0.625000,0.250000,0.750000,0.250000
378.00,0.375000,0.273861,0.000000,0.625000,0.250000,0.750000,0.250000
378.25,0.400000,0.310242,0.000000,0.625000,0.250000,0.875000,0.250000
378.50,0.400000,0.310242,0.000000,0.625000,0.250000,0.875000,0.250000
378.75,0.400000,0.310242,0.000000,0.625000,0.250000,0.875000,0.250000
379.00,0.425000,0.280624,0.125000,0.625000,0.250000,0.875000,0.250000
379.25,0.425000,0.280624,0.125000,0.625000,0.250000,0.875000,0.250000
379.50,0.425000,0.280624,0.125000,0.625000,0.250000,0.875000,0.250000
379.75,0.425000,0.280624,0.125000,0.625000,0.250000,0.875000,0.250000
380.00,0.450000,0.257391,0.250000,0.625000,0.250000,0.875000,0.250000
380.25,0.425000,0.280624,0.125000,0.625000,0.250000,0.875000,0.250000
380.50,0.450000,0.257391,0.250000,0.625000,0.250000,0.875000,0.250000
380.75,0.450000,0.257391,0.250000,0.625000,0.250000,0.875000,0.250000
381.00,0.450000,0.257391,0.250000,0.625000,0.250000,0.875000,0.250000
381.25,0.450000,0.257391,0.250000,0.625000,0.250000,0.875000,0.250000
381.50,0.450000,0.257391,0.250000,0.625000,0.250000,0.875000,0.250000
381.75,0.450000,0.257391,0.250000,0.625000,0.250000,0.875000,0.250000
382.00,0.450000,0.257391,0.250000,0.625000,0.250000,0.875000,0.250000
382.25,0.450000,0.257391,0.250000,0.625000,0.250000,0.875000,0.250000
382.50,0.450000,0.257391,0.250000,0.625000,0.250000,0.875000,0.250000
382.75,0.450000,0.257391,0.250000,0.625000,0.250000,0.875000,0.250000
383.00,0.450000,0.257391,0.250000,0.625000,0.250000,0.875000,0.250000
383.25,0.475000,0.242384,0.375000,0.625000,0.250000,0.875000,0.250000
383.50,0.475000,0.242384,0.375000,0.625000,0.250000,0.875000,0.250000
383.75,0.500000,0.237171,0.500000,0.625000,0.250000,0.875000,0.250000
384.00,0.500000,0.237171,0.500000,0.625000,0.250000,0.875000,0.250000
384.25,0.500000,0.237171,0.500000,0.625000,0.250000,0.875000,0.250000
384.50,0.525000,0.242384,0.625000,0.625000,0.250000,0.875000,0.250000
384.75,0.550000,0.257391,0.750000,0.625000,0.250000,0.875000,0.250000
385.00,0.550000,0.257391,0.750000,0.625000,0.250000,0.875000,0.250000
385.25,0.550000,0.257391,0.750000,0.625000,0.250000,0.875000,0.250000
385.50,0.550000,0.257391,0.750000,0.625000,0.250000,0.875000,0.250000
385.75,0.550000,0.257391,0.750000,0.625000,0.250000,0.875000,0.250000
386.00,0.550000,0.257391,0.750000,0.625000,0.250000,0.875000,0.250000
386.25,0.550000,0.257391,0.750000,0.625000,0.250000,0.875000,0.250000
386.50,0.550000,0.257391,0.750000,0.625000,0.250000,0.875000,0.250000
386.75,0.550000,0.257391,0.750000,0.625000,0.250000,0.875000,0.250000
387.00,0.550000,0.257391,0.750000,0.625000,0.250000,0.875000,0.250000
387.25,0.550000,0.257391,0.750000,0.625000,0.250000,0.875000,0.250000
387.50,0.550000,0.257391,0.750000,0.625000,0.250000,0.875000,0.250000
387.75,0.550000,0.257391,0.750000,0.625000,0.250000,0.875000,0.250000
388.00,0.550000,0.257391,0.750000,0.625000,0.250000,0.875000,0.250000
388.25,0.550000,0.257391,0.750000,0.625000,0.250000,0.875000,0.250000
388.50,0.550000,0.257391,0.750000,0.625000,0.250000,0.875000,0.250000
388.75,0.550000,0.257391,0.750000,0.625000,0.250000,0.875000,0.250000
389.00,0.550000,0.257391,0.750000,0.625000,0.250000,0.875000,0.250000
389.25,0.550000,0.257391,0.750000,0.625000,0.250000,0.875000,0.250000
389.50,0.550000,0.257391,0.750000,0.625000,0.250000,0.875000,0.250000
389.75,0.550000,0.257391,0.750000,0.625000,0.250000,0.875000,0.250000
390.00,0.550000,0.257391,0.750000,0.625000,0.250000,0.875000,0.250000
390.25,0.550000,0.257391,0.750000,0.625000,0.250000,0.875000,0.250000
390.50,0.550000,0.257391,0.750000,0.625000,0.250000,0.875000,0.250000
390.75,0.550000,0.257391,0.750000,0.625000,0.250000,0.875000,0.250000
391.00,0.550000,0.257391,0.750000,0.625000,0.250000,0.875000,0.250000
391.25,0.550000,0.257391,0.750000,0.625000,0.250000,0.875000,0.250000
391.50,0.550000,0.257391,0.750000,0.625000,0.250000,0.875000,0.250000
391.75,0.550000,0.257391,0.750000,0.625000,0.250000,0.875000,0.250000
392.00,0.550000,0.257391,0.750000,0.625000,0.250000,0.875000,0.250000
392.25,0.550000,0.257391,0.750000,0.625000,0.250000,0.875000,0.250000
392.50,0.550000,0.257391,0.750000,0.625000,0.250000,0.875000,0.250000
392.75,0.550000,0.257391,0.750000,0.625000,0.250000,0.875000,0.250000
393.00,0.550000,0.257391,0.750000,0.625000,0.250000,0.875000,0.250000
393.25,0.550000,0.257391,0.750000,0.625000,0.250000,0.875000,0.250000
393.50,0.550000,0.257391,0.750000,0.625000,0.250000,0.875000,0.250000
393.75,0.550000,0.257391,0.750000,0.625000,0.250000,0.875000,0.250000
394.00,0.550000,0.257391,0.750000,0.625000,0.250000,0.875000,0.250000
394.25,0.550000,0.257391,0.750000,0.625000,0.250000,0.875000,0.250000
394.50,0.550000,0.257391,0.750000,0.625000,0.250000,0.875000,0.250000
394.75,0.550000,0.257391,0.750000,0.625000,0.250000,0.875000,0.250000
395.00,0.550000,0.257391,0.750000,0.625000,0.250000,0.875000,0.250000
395.25,0.550000,0.257391,0.750000,0.625000,0.250000,0.875000,0.250000
395.50,0.550000,0.257391,0.750000,0.625000,0.250000,0.875000,0.250000
395.75,0.550000,0.257391,0.750000,0.625000,0.250000,0.875000,0.250000
396.00,0.550000,0.257391,0.750000,0.625000,0.250000,0.875000,0.250000
396.25,0.550000,0.257391,0.750000,0.625000,0.250000,0.875000,0.250000
396.50,0.550000,0.257391,0.750000,0.625000,0.250000,0.875000,0.250000
396.75,0.550000,0.257391,0.750000,0.625000,0.250000,0.875000,0.250000
397.00,0.550000,0.257391,0.750000,0.625000,0.250000,0.875000,0.250000
397.25,0.575000,0.231840,0.750000,0.625000,0.375000,0.875000,0.250000
397.50,0.575000,0.231840,0.750000,0.625000,0.375000,0.875000,0.250000
397.75,0.575000,0.231840,0.750000,0.625000,0.375000,0.875000,0.250000
398.00,0.600000,0.215058,0.750000,0.625000,0.500000,0.875000,0.250000
398.25,0.600000,0.215058,0.750000,0.625000,0.500000,0.875000,0.250000
398.50,0.600000,0.215058,0.750000,0.625000,0.500000,0.875000,0.250000
398.75,0.600000,0.215058,0.750000,0.625000,0.500000,0.875000,0.250000
399.00,0.625000,0.209165,0.750000,0.625000,0.625000,0.875000,0.250000
399.25,0.625000,0.209165,0.750000,0.625000,0.625000,0.875000,0.250000
399.50,0.625000,0.209165,0.750000,0.625000,0.625000,0.875000,0.250000
399.75,0.625000,0.209165,0.750000,0.625000,0.625000,0.875000,0.250000
400.00,0.625000,0.209165,0.750000,0.625000,0.625000,0.875000,0.250000
400.25,0.625000,0.209165,0.750000,0.625000,0.625000,0.875000,0.250000
400.50,0.625000,0.209165,0.750000,0.625000,0.625000,0.875000,0.250000
400.75,0.625000,0.209165,0.750000,0.625000,0.625000,0.875000,0.250000
401.00,0.625000,0.209165,0.750000,0.625000,0.625000,0.875000,0.250000
401.25,0.625000,0.209165,0.750000,0.625000,0.625000,0.875000,0.250000
401.50,0.625000,0.209165,0.750000,0.625000,0.625000,0.875000,0.250000
401.75,0.625000,0.209165,0.750000,0.625000,0.625000,0.875000,0.250000
402.00,0.625000,0.209165,0.750000,0.625000,0.625000,0.875000,0.250000
402.25,0.625000,0.209165,0.750000,0.625000,0.625000,0.875000,0.250000
402.50,0.625000,0.209165,0.750000,0.625000,0.625000,0.875000,0.250000
402.75,0.625000,0.209165,0.750000,0.625000,0.625000,0.875000,0.250000
403.00,0.625000,0.209165,0.750000,0.625000,0.625000,0.875000,0.250000
403.25,0.650000,0.215058,0.750000,0.750000,0.625000,0.875000,0.250000
403.50,0.650000,0.215058,0.750000,0.750000,0.625000,0.875000,0.250000
403.75,0.650000,0.215058,0.750000,0.750000,0.625000,0.875000,0.250000
404.00,0.650000,0.215058,0.750000,0.750000,0.625000,0.875000,0.250000
404.25,0.650000,0.215058,0.750000,0.750000,0.625000,0.875000,0.250000
404.50,0.650000,0.215058,0.750000,0.750000,0.625000,0.875000,0.250000
404.75,0.650000,0.215058,0.750000,0.750000,0.625000,0.875000,0.250000
405.00,0.650000,0.215058,0.750000,0.750000,0.625000,0.875000,0.250000
405.25,0.650000,0.215058,0.750000,0.750000,0.625000,0.875000,0.250000
405.50,0.650000,0.215058,0.750000,0.750000,0.625000,0.875000,0.250000
405.75,0.650000,0.215058,0.750000,0.750000,0.625000,0.875000,0.250000
406.00,0.650000,0.215058,0.750000,0.750000,0.625000,0.875000,0.250000
406.25,0.650000,0.215058,0.750000,0.750000,0.625000,0.875000,0.250000
406.50,0.650000,0.215058,0.750000,0.750000,0.625000,0.875000,0.250000
406.75,0.650000,0.215058,0.750000,0.750000,0.625000,0.875000,0.250000
407.00,0.650000,0.215058,0.750000,0.750000,0.625000,0.875000,0.250000
407.25,0.650000,0.215058,0.750000,0.750000,0.625000,0.875000,0.250000
407.50,0.650000,0.215058,0.750000,0.750000,0.625000,0.875000,0.250000
407.75,0.650000,0.215058,0.750000,0.750000,0.625000,0.875000,0.250000
408.00,0.650000,0.215058,0.750000,0.750000,0.625000,0.875000,0.250000
408.25,0.650000,0.215058,0.750000,0.750000,0.625000,0.875000,0.250000
408.50,0.650000,0.215058,0.750000,0.750000,0.625000,0.875000,0.250000
408.75,0.650000,0.215058,0.750000,0.750000,0.625000,0.875000,0.250000
409.00,0.650000,0.215058,0.750000,0.750000,0.625000,0.875000,0.250000
409.25,0.650000,0.215058,0.750000,0.750000,0.625000,0.875000,0.250000
409.50,0.650000,0.215058,0.750000,0.750000,0.625000,0.875000,0.250000
409.75,0.650000,0.215058,0.750000,0.750000,0.625000,0.875000,0.250000
410.00,0.650000,0.215058,0.750000,0.750000,0.625000,0.875000,0.250000
410.25,0.650000,0.215058,0.750000,0.750000,0.625000,0.875000,0.250000
410.50,0.650000,0.215058,0.750000,0.750000,0.625000,0.875000,0.250000
410.75,0.650000,0.215058,0.750000,0.750000,0.625000,0.875000,0.250000
411.00,0.650000,0.215058,0.750000,0.750000,0.625000,0.875000,0.250000
411.25,0.650000,0.215058,0.750000,0.750000,0.625000,0.875000,0.250000
411.50,0.625000,0.223607,0.750000,0.750000,0.500000,0.875000,0.250000
411.75,0.600000,0.242384,0.750000,0.750000,0.375000,0.875000,0.250000
412.00,0.600000,0.242384,0.750000,0.750000,0.375000,0.875000,0.250000
412.25,0.600000,0.242384,0.750000,0.750000,0.375000,0.875000,0.250000
412.50,0.600000,0.242384,0.750000,0.750000,0.375000,0.875000,0.250000
412.75,0.600000,0.242384,0.750000,0.750000,0.375000,0.875000,0.250000
413.00,0.600000,0.242384,0.750000,0.750000,0.375000,0.875000,0.250000
413.25,0.600000,0.242384,0.750000,0.750000,0.375000,0.875000,0.250000
413.50,0.600000,0.242384,0.750000,0.750000,0.375000,0.875000,0.250000
413.75,0.600000,0.242384,0.750000,0.750000,0.375000,0.875000,0.250000
414.00,0.600000,0.242384,0.750000,0.750000,0.375000,0.875000,0.250000
414.25,0.600000,0.242384,0.750000,0.750000,0.375000,0.875000,0.250000
414.50,0.600000,0.242384,0.750000,0.750000,0.375000,0.875000,0.250000
414.75,0.600000,0.242384,0.750000,0.750000,0.375000,0.875000,0.250000
415.00,0.600000,0.242384,0.750000,0.750000,0.375000,0.875000,0.250000
415.25,0.600000,0.242384,0.750000,0.750000,0.375000,0.875000,0.250000
415.50,0.600000,0.242384,0.750000,0.750000,0.375000,0.875000,0.250000
415.75,0.600000,0.242384,0.750000,0.750000,0.375000,0.875000,0.250000
416.00,0.600000,0.242384,0.750000,0.750000,0.375000,0.875000,0.250000
416.25,0.600000,0.242384,0.750000,0.750000,0.375000,0.875000,0.250000
416.50,0.600000,0.242384,0.750000,0.750000,0.375000,0.875000,0.250000
416.75,0.600000,0.242384,0.750000,0.750000,0.375000,0.875000,0.250000
417.00,0.600000,0.242384,0.750000,0.750000,0.375000,0.875000,0.250000
417.25,0.600000,0.242384,0.750000,0.750000,0.375000,0.875000,0.250000
417.50,0.600000,0.242384,0.750000,0.750000,0.375000,0.875000,0.250000
417.75,0.600000,0.242384,0.750000,0.750000,0.375000,0.875000,0.250000
418.00,0.600000,0.242384,0.750000,0.750000,0.375000,0.875000,0.250000
418.25,0.625000,0.209165,0.750000,0.750000,0.375000,0.875000,0.375000
418.50,0.625000,0.209165,0.750000,0.750000,0.375000,0.875000,0.375000
418.75,0.625000,0.209165,0.750000,0.750000,0.375000,0.875000,0.375000
419.00,0.625000,0.209165,0.750000,0.750000,0.375000,0.875000,0.375000
419.25,0.625000,0.209165,0.750000,0.750000,0.375000,0.875000,0.375000
419.50,0.625000,0.209165,0.750000,0.750000,0.375000,0.875000,0.375000
419.75,0.625000,0.209165,0.750000,0.750000,0.375000,0.875000,0.375000
420.00,0.625000,0.209165,0.750000,0.750000,0.375000,0.875000,0.375000
420.25,0.625000,0.209165,0.750000,0.750000,0.375000,0.875000,0.375000
420.50,0.650000,0.183712,0.750000,0.750000,0.375000,0.875000,0.500000
420.75,0.650000,0.183712,0.750000,0.750000,0.375000,0.875000,0.500000
421.00,0.650000,0.183712,0.750000,0.750000,0.375000,0.875000,0.500000
421.25,0.650000,0.183712,0.750000,0.750000,0.375000,0.875000,0.500000
421.50,0.675000,0.169558,0.750000,0.750000,0.375000,0.875000,0.625000
421.75,0.675000,0.169558,0.750000,0.750000,0.375000,0.875000,0.625000
422.00,0.675000,0.169558,0.750000,0.750000,0.375000,0.875000,0.625000
422.25,0.675000,0.169558,0.750000,0.750000,0.375000,0.875000,0.625000
422.50,0.675000,0.169558,0.750000,0.750000,0.375000,0.875000,0.625000
422.75,0.675000,0.169558,0.750000,0.750000,0.375000,0.875000,0.625000
423.00,0.675000,0.169558,0.750000,0.750000,0.375000,0.875000,0.625000
423.25,0.675000,0.169558,0.750000,0.750000,0.375000,0.875000,0.625000
423.50,0.675000,0.169558,0.750000,0.750000,0.375000,0.875000,0.625000
423.75,0.675000,0.169558,0.750000,0.750000,0.375000,0.875000,0.625000
424.00,0.675000,0.169558,0.750000,0.750000,0.375000,0.875000,0.625000
424.25,0.675000,0.169558,0.750000,0.750000,0.375000,0.875000,0.625000
424.50,0.675000,0.169558,0.750000,0.750000,0.375000,0.875000,0.625000
424.75,0.675000,0.169558,0.750000,0.750000,0.375000,0.875000,0.625000
425.00,0.675000,0.169558,0.750000,0.750000,0.375000,0.875000,0.625000
425.25,0.675000,0.169558,0.750000,0.750000,0.375000,0.875000,0.625000
425.50,0.675000,0.169558,0.750000,0.750000,0.375000,0.875000,0.625000
425.75,0.675000,0.169558,0.750000,0.750000,0.375000,0.875000,0.625000
426.00,0.675000,0.169558,0.750000,0.750000,0.375000,0.875000,0.625000
426.25,0.675000,0.169558,0.750000,0.750000,0.375000,0.875000,0.625000
426.50,0.675000,0.169558,0.750000,0.750000,0.375000,0.875000,0.625000
426.75,0.675000,0.169558,0.750000,0.750000,0.375000,0.875000,0.625000
427.00,0.700000,0.169558,0.750000,0.750000,0.375000,0.875000,0.750000
427.25,0.700000,0.169558,0.750000,0.750000,0.375000,0.875000,0.750000
427.50,0.700000,0.169558,0.750000,0.750000,0.375000,0.875000,0.750000
427.75,0.700000,0.169558,0.750000,0.750000,0.375000,0.875000,0.750000
428.00,0.700000,0.169558,0.750000,0.750000,0.375000,0.875000,0.750000
428.25,0.700000,0.169558,0.750000,0.750000,0.375000,0.875000,0.750000
428.50,0.700000,0.169558,0.750000,0.750000,0.375000,0.875000,0.750000
428.75,0.700000,0.169558,0.750000,0.750000,0.375000,0.875000,0.750000
429.00,0.700000,0.169558,0.750000,0.750000,0.375000,0.875000,0.750000
429.25,0.700000,0.169558,0.750000,0.750000,0.375000,0.875000,0.750000
429.50,0.700000,0.169558,0.750000,0.750000,0.375000,0.875000,0.750000
429.75,0.700000,0.169558,0.750000,0.750000,0.375000,0.875000,0.750000
430.00,0.700000,0.169558,0.750000,0.750000,0.375000,0.875000,0.750000
430.25,0.700000,0.169558,0.750000,0.750000,0.375000,0.875000,0.750000
430.50,0.700000,0.169558,0.750000,0.750000,0.375000,0.875000,0.750000
430.75,0.700000,0.169558,0.750000,0.750000,0.375000,0.875000,0.750000
431.00,0.700000,0.169558,0.750000,0.750000,0.375000,0.875000,0.750000
431.25,0.700000,0.169558,0.750000,0.750000,0.375000,0.875000,0.750000
431.50,0.700000,0.169558,0.750000,0.750000,0.375000,0.875000,0.750000
431.75,0.700000,0.169558,0.750000,0.750000,0.375000,0.875000,0.750000
432.00,0.700000,0.169558,0.750000,0.750000,0.375000,0.875000,0.750000
432.25,0.700000,0.169558,0.750000,0.750000,0.375000,0.875000,0.750000
432.50,0.700000,0.169558,0.750000,0.750000,0.375000,0.875000,0.750000
432.75,0.700000,0.169558,0.750000,0.750000,0.375000,0.875000,0.750000
433.00,0.700000,0.169558,0.750000,0.750000,0.375000,0.875000,0.750000
433.25,0.700000,0.169558,0.750000,0.750000,0.375000,0.875000,0.750000
433.50,0.700000,0.169558,0.750000,0.750000,0.375000,0.875000,0.750000
433.75,0.700000,0.169558,0.750000,0.750000,0.375000,0.875000,0.750000
434.00,0.675000,0.217945,0.750000,0.750000,0.250000,0.875000,0.750000
434.25,0.675000,0.217945,0.750000,0.750000,0.250000,0.875000,0.750000
434.50,0.675000,0.217945,0.750000,0.750000,0.250000,0.875000,0.750000
434.75,0.675000,0.217945,0.750000,0.750000,0.250000,0.875000,0.750000
435.00,0.675000,0.217945,0.750000,0.750000,0.250000,0.875000,0.750000
435.25,0.675000,0.217945,0.750000,0.750000,0.250000,0.875000,0.750000
435.50,0.675000,0.217945,0.750000,0.750000,0.250000,0.875000,0.750000
435.75,0.650000,0.215058,0.625000,0.750000,0.250000,0.875000,0.750000
436.00,0.650000,0.215058,0.625000,0.750000,0.250000,0.875000,0.750000
436.25,0.650000,0.215058,0.625000,0.750000,0.250000,0.875000,0.750000
436.50,0.650000,0.215058,0.625000,0.750000,0.250000,0.875000,0.750000
436.75,0.625000,0.223607,0.500000,0.750000,0.250000,0.875000,0.750000
437.00,0.650000,0.215058,0.625000,0.750000,0.250000,0.875000,0.750000
437.25,0.650000,0.215058,0.625000,0.750000,0.250000,0.875000,0.750000
437.50,0.650000,0.215058,0.625000,0.750000,0.250000,0.875000,0.750000
437.75,0.650000,0.215058,0.625000,0.750000,0.250000,0.875000,0.750000
438.00,0.625000,0.223607,0.500000,0.750000,0.250000,0.875000,0.750000
438.25,0.625000,0.223607,0.500000,0.750000,0.250000,0.875000,0.750000
438.50,0.625000,0.223607,0.500000,0.750000,0.250000,0.875000,0.750000
438.75,0.625000,0.223607,0.500000,0.750000,0.250000,0.875000,0.750000
439.00,0.625000,0.223607,0.500000,0.750000,0.250000,0.875000,0.750000
439.25,0.625000,0.223607,0.500000,0.750000,0.250000,0.875000,0.750000
439.50,0.625000,0.223607,0.500000,0.750000,0.250000,0.875000,0.750000
439.75,0.600000,0.242384,0.375000,0.750000,0.250000,0.875000,0.750000
440.00,0.600000,0.242384,0.375000,0.750000,0.250000,0.875000,0.750000
440.25,0.600000,0.242384,0.375000,0.750000,0.250000,0.875000,0.750000
440.50,0.600000,0.242384,0.375000,0.750000,0.250000,0.875000,0.750000
440.75,0.600000,0.242384,0.375000,0.750000,0.250000,0.875000,0.750000
441.00,0.600000,0.242384,0.375000,0.750000,0.250000,0.875000,0.750000
441.25,0.600000,0.242384,0.375000,0.750000,0.250000,0.875000,0.750000
441.50,0.600000,0.242384,0.375000,0.750000,0.250000,0.875000,0.750000
441.75,0.600000,0.242384,0.375000,0.750000,0.250000,0.875000,0.750000
442.00,0.600000,0.242384,0.375000,0.750000,0.250000,0.875000,0.750000
442.25,0.600000,0.242384,0.375000,0.750000,0.250000,0.875000,0.750000
442.50,0.600000,0.242384,0.375000,0.750000,0.250000,0.875000,0.750000
442.75,0.600000,0.242384,0.375000,0.750000,0.250000,0.875000,0.750000
443.00,0.600000,0.242384,0.375000,0.750000,0.250000,0.875000,0.750000
443.25,0.600000,0.242384,0.375000,0.750000,0.250000,0.875000,0.750000
443.50,0.600000,0.242384,0.375000,0.750000,0.250000,0.875000,0.750000
443.75,0.600000,0.242384,0.375000,0.750000,0.250000,0.875000,0.750000
444.00,0.600000,0.242384,0.375000,0.750000,0.250000,0.875000,0.750000
444.25,0.625000,0.223607,0.500000,0.750000,0.250000,0.875000,0.750000
444.50,0.625000,0.223607,0.500000,0.750000,0.250000,0.875000,0.750000
444.75,0.625000,0.223607,0.500000,0.750000,0.250000,0.875000,0.750000
445.00,0.625000,0.273861,0.375000,0.750000,0.250000,1.000000,0.750000
445.25,0.600000,0.242384,0.375000,0.750000,0.250000,0.875000,0.750000
445.50,0.600000,0.242384,0.375000,0.750000,0.250000,0.875000,0.750000
445.75,0.600000,0.242384,0.375000,0.750000,0.250000,0.875000,0.750000
446.00,0.600000,0.242384,0.375000,0.750000,0.250000,0.875000,0.750000
446.25,0.600000,0.242384,0.375000,0.750000,0.250000,0.875000,0.750000
446.50,0.600000,0.242384,0.375000,0.750000,0.250000,0.875000,0.750000
446.75,0.600000,0.242384,0.375000,0.750000,0.250000,0.875000,0.750000
447.00,0.600000,0.242384,0.375000,0.750000,0.250000,0.875000,0.750000
447.25,0.600000,0.242384,0.375000,0.750000,0.250000,0.875000,0.750000
447.50,0.575000,0.269258,0.250000,0.750000,0.250000,0.875000,0.750000
447.75,0.600000,0.242384,0.375000,0.750000,0.250000,0.875000,0.750000
448.00,0.600000,0.242384,0.375000,0.750000,0.250000,0.875000,0.750000
448.25,0.600000,0.242384,0.375000,0.750000,0.250000,0.875000,0.750000
448.50,0.625000,0.223607,0.500000,0.750000,0.250000,0.875000,0.750000
448.75,0.625000,0.223607,0.500000,0.750000,0.250000,0.875000,0.750000
449.00,0.625000,0.223607,0.500000,0.750000,0.250000,0.875000,0.750000
449.25,0.625000,0.223607,0.500000,0.750000,0.250000,0.875000,0.750000
449.50,0.600000,0.242384,0.375000,0.750000,0.250000,0.875000,0.750000
449.75,0.600000,0.242384,0.375000,0.750000,0.250000,0.875000,0.750000
450.00,0.600000,0.242384,0.375000,0.750000,0.250000,0.875000,0.750000
450.25,0.600000,0.242384,0.375000,0.750000,0.250000,0.875000,0.750000
450.50,0.600000,0.242384,0.375000,0.750000,0.250000,0.875000,0.750000
450.75,0.600000,0.242384,0.375000,0.750000,0.250000,0.875000,0.750000
451.00,0.600000,0.242384,0.375000,0.750000,0.250000,0.875000,0.750000
451.25,0.600000,0.242384,0.375000,0.750000,0.250000,0.875000,0.750000
451.50,0.600000,0.242384,0.375000,0.750000,0.250000,0.875000,0.750000
451.75,0.600000,0.242384,0.375000,0.750000,0.250000,0.875000,0.750000
452.00,0.600000,0.242384,0.375000,0.750000,0.250000,0.875000,0.750000
452.25,0.600000,0.242384,0.375000,0.750000,0.250000,0.875000,0.750000
452.50,0.600000,0.242384,0.375000,0.750000,0.250000,0.875000,0.750000
452.75,0.625000,0.223607,0.500000,0.750000,0.250000,0.875000,0.750000
453.00,0.625000,0.223607,0.500000,0.750000,0.250000,0.875000,0.750000
453.25,0.625000,0.223607,0.500000,0.750000,0.250000,0.875000,0.750000
453.50,0.625000,0.223607,0.500000,0.750000,0.250000,0.875000,0.750000
453.75,0.625000,0.223607,0.500000,0.750000,0.250000,0.875000,0.750000
454.00,0.625000,0.223607,0.500000,0.750000,0.250000,0.875000,0.750000
454.25,0.650000,0.242384,0.500000,0.875000,0.250000,0.875000,0.750000
454.50,0.650000,0.242384,0.500000,0.875000,0.250000,0.875000,0.750000
454.75,0.650000,0.242384,0.500000,0.875000,0.250000,0.875000,0.750000
455.00,0.625000,0.223607,0.500000,0.750000,0.250000,0.875000,0.750000
455.25,0.625000,0.223607,0.500000,0.750000,0.250000,0.875000,0.750000
455.50,0.600000,0.215058,0.500000,0.625000,0.250000,0.875000,0.750000
455.75,0.600000,0.215058,0.500000,0.625000,0.250000,0.875000,0.750000
456.00,0.600000,0.215058,0.500000,0.625000,0.250000,0.875000,0.750000
456.25,0.600000,0.215058,0.500000,0.625000,0.250000,0.875000,0.750000
456.50,0.600000,0.215058,0.500000,0.625000,0.250000,0.875000,0.750000
456.75,0.600000,0.215058,0.500000,0.625000,0.250000,0.875000,0.750000
457.00,0.600000,0.215058,0.500000,0.625000,0.250000,0.875000,0.750000
457.25,0.600000,0.215058,0.500000,0.625000,0.250000,0.875000,0.750000
457.50,0.600000,0.215058,0.500000,0.625000,0.250000,0.875000,0.750000
457.75,0.600000,0.215058,0.500000,0.625000,0.250000,0.875000,0.750000
458.00,0.600000,0.215058,0.500000,0.625000,0.250000,0.875000,0.750000
458.25,0.600000,0.215058,0.500000,0.625000,0.250000,0.875000,0.750000
458.50,0.600000,0.215058,0.500000,0.625000,0.250000,0.875000,0.750000
458.75,0.600000,0.215058,0.500000,0.625000,0.250000,0.875000,0.750000
459.00,0.575000,0.231840,0.375000,0.625000,0.250000,0.875000,0.750000
459.25,0.600000,0.200000,0.375000,0.625000,0.375000,0.875000,0.750000
459.50,0.600000,0.200000,0.375000,0.625000,0.375000,0.875000,0.750000
459.75,0.600000,0.200000,0.375000,0.625000,0.375000,0.875000,0.750000
460.00,0.575000,0.231840,0.250000,0.625000,0.375000,0.875000,0.750000
460.25,0.575000,0.231840,0.250000,0.625000,0.375000,0.875000,0.750000
460.50,0.575000,0.231840,0.250000,0.625000,0.375000,0.875000,0.750000
460.75,0.575000,0.231840,0.250000,0.625000,0.375000,0.875000,0.750000
461.00,0.600000,0.215058,0.250000,0.625000,0.500000,0.875000,0.750000
461.25,0.600000,0.215058,0.250000,0.625000,0.500000,0.875000,0.750000
461.50,0.625000,0.176777,0.375000,0.625000,0.500000,0.875000,0.750000
461.75,0.650000,0.183712,0.375000,0.750000,0.500000,0.875000,0.750000
462.00,0.650000,0.183712,0.375000,0.750000,0.500000,0.875000,0.750000
462.25,0.650000,0.183712,0.375000,0.750000,0.500000,0.875000,0.750000
462.50,0.650000,0.183712,0.375000,0.750000,0.500000,0.875000,0.750000
462.75,0.650000,0.183712,0.375000,0.750000,0.500000,0.875000,0.750000
463.00,0.650000,0.183712,0.375000,0.750000,0.500000,0.875000,0.750000
463.25,0.675000,0.169558,0.375000,0.750000,0.625000,0.875000,0.750000
463.50,0.675000,0.169558,0.375000,0.750000,0.625000,0.875000,0.750000
463.75,0.675000,0.169558,0.375000,0.750000,0.625000,0.875000,0.750000
464.00,0.675000,0.169558,0.375000,0.750000,0.625000,0.875000,0.750000
464.25,0.675000,0.169558,0.375000,0.750000,0.625000,0.875000,0.750000
464.50,0.675000,0.169558,0.375000,0.750000,0.625000,0.875000,0.750000
464.75,0.675000,0.169558,0.375000,0.750000,0.625000,0.875000,0.750000
465.00,0.675000,0.169558,0.375000,0.750000,0.625000,0.875000,0.750000
465.25,0.675000,0.169558,0.375000,0.750000,0.625000,0.875000,0.750000
465.50,0.675000,0.169558,0.375000,0.750000,0.625000,0.875000,0.750000
465.75,0.675000,0.169558,0.375000,0.750000,0.625000,0.875000,0.750000
466.00,0.675000,0.169558,0.375000,0.750000,0.625000,0.875000,0.750000
466.25,0.700000,0.187083,0.375000,0.875000,0.625000,0.875000,0.750000
466.50,0.700000,0.187083,0.375000,0.875000,0.625000,0.875000,0.750000
466.75,0.700000,0.187083,0.375000,0.875000,0.625000,0.875000,0.750000
467.00,0.700000,0.187083,0.375000,0.875000,0.625000,0.875000,0.750000
467.25,0.700000,0.187083,0.375000,0.875000,0.625000,0.875000,0.750000
467.50,0.700000,0.187083,0.375000,0.875000,0.625000,0.875000,0.750000
467.75,0.700000,0.187083,0.375000,0.875000,0.625000,0.875000,0.750000
468.00,0.700000,0.187083,0.375000,0.875000,0.625000,0.875000,0.750000
468.25,0.700000,0.187083,0.375000,0.875000,0.625000,0.875000,0.750000
468.50,0.700000,0.187083,0.375000,0.875000,0.625000,0.875000,0.750000
468.75,0.700000,0.187083,0.375000,0.875000,0.625000,0.875000,0.750000
469.00,0.700000,0.187083,0.375000,0.875000,0.625000,0.875000,0.750000
469.25,0.700000,0.187083,0.375000,0.875000,0.625000,0.875000,0.750000
469.50,0.700000,0.187083,0.375000,0.875000,0.625000,0.875000,0.750000
469.75,0.700000,0.187083,0.375000,0.875000,0.625000,0.875000,0.750000
470.00,0.700000,0.187083,0.375000,0.875000,0.625000,0.875000,0.750000
470.25,0.700000,0.187083,0.375000,0.875000,0.625000,0.875000,0.750000
470.50,0.700000,0.187083,0.375000,0.875000,0.625000,0.875000,0.750000
470.75,0.700000,0.187083,0.375000,0.875000,0.625000,0.875000,0.750000
471.00,0.700000,0.187083,0.375000,0.875000,0.625000,0.875000,0.750000
471.25,0.700000,0.187083,0.375000,0.875000,0.625000,0.875000,0.750000
471.50,0.700000,0.187083,0.375000,0.875000,0.625000,0.875000,0.750000
471.75,0.650000,0.165831,0.375000,0.625000,0.625000,0.875000,0.750000
472.00,0.650000,0.165831,0.375000,0.625000,0.625000,0.875000,0.750000
472.25,0.650000,0.165831,0.375000,0.625000,0.625000,0.875000,0.750000
472.50,0.650000,0.165831,0.375000,0.625000,0.625000,0.875000,0.750000
472.75,0.650000,0.165831,0.375000,0.625000,0.625000,0.875000,0.750000
473.00,0.650000,0.165831,0.375000,0.625000,0.625000,0.875000,0.750000
473.25,0.650000,0.165831,0.375000,0.625000,0.625000,0.875000,0.750000
473.50,0.650000,0.165831,0.375000,0.625000,0.625000,0.875000,0.750000
473.75,0.650000,0.165831,0.375000,0.625000,0.625000,0.875000,0.750000
474.00,0.650000,0.165831,0.375000,0.625000,0.625000,0.875000,0.750000
474.25,0.650000,0.165831,0.375000,0.625000,0.625000,0.875000,0.750000
474.50,0.650000,0.165831,0.375000,0.625000,0.625000,0.875000,0.750000
474.75,0.625000,0.209165,0.250000,0.625000,0.625000,0.875000,0.750000
475.00,0.625000,0.209165,0.250000,0.625000,0.625000,0.875000,0.750000
475.25,0.625000,0.209165,0.250000,0.625000,0.625000,0.875000,0.750000
475.50,0.625000,0.209165,0.250000,0.625000,0.625000,0.875000,0.750000
475.75,0.625000,0.209165,0.250000,0.625000,0.625000,0.875000,0.750000
476.00,0.600000,0.254951,0.125000,0.625000,0.625000,0.875000,0.750000
476.25,0.650000,0.165831,0.375000,0.625000,0.625000,0.875000,0.750000
476.50,0.650000,0.165831,0.375000,0.625000,0.625000,0.875000,0.750000
476.75,0.625000,0.209165,0.250000,0.625000,0.625000,0.875000,0.750000
477.00,0.650000,0.242384,0.250000,0.625000,0.625000,1.000000,0.750000
477.25,0.650000,0.242384,0.250000,0.625000,0.625000,1.000000,0.750000
477.50,0.650000,0.242384,0.250000,0.625000,0.625000,1.000000,0.750000
477.75,0.650000,0.242384,0.250000,0.625000,0.625000,1.000000,0.750000
478.00,0.650000,0.242384,0.250000,0.625000,0.625000,1.000000,0.750000
478.25,0.625000,0.285044,0.125000,0.625000,0.625000,1.000000,0.750000
478.50,0.625000,0.285044,0.125000,0.625000,0.625000,1.000000,0.750000
478.75,0.625000,0.285044,0.125000,0.625000,0.625000,1.000000,0.750000
479.00,0.650000,0.242384,0.250000,0.625000,0.625000,1.000000,0.750000
479.25,0.625000,0.285044,0.125000,0.625000,0.625000,1.000000,0.750000
479.50,0.625000,0.285044,0.125000,0.625000,0.625000,1.000000,0.750000
479.75,0.625000,0.285044,0.125000,0.625000,0.625000,1.000000,0.750000
480.00,0.625000,0.285044,0.125000,0.625000,0.625000,1.000000,0.750000
480.25,0.625000,0.285044,0.125000,0.625000,0.625000,1.000000,0.750000
480.50,0.625000,0.285044,0.125000,0.625000,0.625000,1.000000,0.750000
480.75,0.625000,0.285044,0.125000,0.625000,0.625000,1.000000,0.750000
481.00,0.625000,0.285044,0.125000,0.625000,0.625000,1.000000,0.750000
481.25,0.625000,0.285044,0.125000,0.625000,0.625000,1.000000,0.750000
481.50,0.625000,0.285044,0.125000,0.625000,0.625000,1.000000,0.750000
481.75,0.625000,0.285044,0.125000,0.625000,0.625000,1.000000,0.750000
482.00,0.625000,0.285044,0.125000,0.625000,0.625000,1.000000,0.750000
482.25,0.625000,0.285044,0.125000,0.625000,0.625000,1.000000,0.750000
482.50,0.625000,0.285044,0.125000,0.625000,0.625000,1.000000,0.750000
482.75,0.625000,0.285044,0.125000,0.625000,0.625000,1.000000,0.750000
483.00,0.625000,0.285044,0.125000,0.625000,0.625000,1.000000,0.750000
483.25,0.625000,0.285044,0.125000,0.625000,0.625000,1.000000,0.750000
483.50,0.625000,0.285044,0.125000,0.625000,0.625000,1.000000,0.750000
483.75,0.625000,0.285044,0.125000,0.625000,0.625000,1.000000,0.750000
484.00,0.625000,0.285044,0.125000,0.625000,0.625000,1.000000,0.750000
484.25,0.625000,0.285044,0.125000,0.625000,0.625000,1.000000,0.750000
484.50,0.625000,0.285044,0.125000,0.625000,0.625000,1.000000,0.750000
484.75,0.625000,0.285044,0.125000,0.625000,0.625000,1.000000,0.750000
485.00,0.625000,0.285044,0.125000,0.625000,0.625000,1.000000,0.750000
485.25,0.625000,0.285044,0.125000,0.625000,0.625000,1.000000,0.750000
485.50,0.625000,0.285044,0.125000,0.625000,0.625000,1.000000,0.750000
485.75,0.625000,0.285044,0.125000,0.625000,0.625000,1.000000,0.750000
486.00,0.625000,0.285044,0.125000,0.625000,0.625000,1.000000,0.750000
486.25,0.625000,0.285044,0.125000,0.625000,0.625000,1.000000,0.750000
486.50,0.625000,0.285044,0.125000,0.625000,0.625000,1.000000,0.750000
486.75,0.625000,0.285044,0.125000,0.625000,0.625000,1.000000,0.750000
487.00,0.625000,0.285044,0.125000,0.625000,0.625000,1.000000,0.750000
487.25,0.625000,0.285044,0.125000,0.625000,0.625000,1.000000,0.750000
487.50,0.625000,0.285044,0.125000,0.625000,0.625000,1.000000,0.750000
487.75,0.625000,0.285044,0.125000,0.625000,0.625000,1.000000,0.750000
488.00,0.625000,0.285044,0.125000,0.625000,0.625000,1.000000,0.750000
488.25,0.625000,0.285044,0.125000,0.625000,0.625000,1.000000,0.750000
488.50,0.625000,0.285044,0.125000,0.625000,0.625000,1.000000,0.750000
488.75,0.625000,0.285044,0.125000,0.625000,0.625000,1.000000,0.750000
489.00,0.625000,0.285044,0.125000,0.625000,0.625000,1.000000,0.750000
489.25,0.625000,0.285044,0.125000,0.625000,0.625000,1.000000,0.750000
489.50,0.625000,0.285044,0.125000,0.625000,0.625000,1.000000,0.750000
489.75,0.625000,0.285044,0.125000,0.625000,0.625000,1.000000,0.750000
490.00,0.625000,0.285044,0.125000,0.625000,0.625000,1.000000,0.750000
490.25,0.625000,0.285044,0.125000,0.625000,0.625000,1.000000,0.750000
490.50,0.625000,0.285044,0.125000,0.625000,0.625000,1.000000,0.750000
490.75,0.625000,0.285044,0.125000,0.625000,0.625000,1.000000,0.750000
491.00,0.625000,0.285044,0.125000,0.625000,0.625000,1.000000,0.750000
491.25,0.625000,0.285044,0.125000,0.625000,0.625000,1.000000,0.750000
491.50,0.625000,0.285044,0.125000,0.625000,0.625000,1.000000,0.750000
491.75,0.625000,0.285044,0.125000,0.625000,0.625000,1.000000,0.750000
492.00,0.625000,0.285044,0.125000,0.625000,0.625000,1.000000,0.750000
492.25,0.625000,0.285044,0.125000,0.625000,0.625000,1.000000,0.750000
492.50,0.625000,0.285044,0.125000,0.625000,0.625000,1.000000,0.750000
492.75,0.625000,0.285044,0.125000,0.625000,0.625000,1.000000,0.750000
493.00,0.625000,0.285044,0.125000,0.625000,0.625000,1.000000,0.750000
493.25,0.625000,0.285044,0.125000,0.625000,0.625000,1.000000,0.750000
493.50,0.625000,0.285044,0.125000,0.625000,0.625000,1.000000,0.750000
493.75,0.625000,0.285044,0.125000,0.625000,0.625000,1.000000,0.750000
494.00,0.600000,0.254951,0.125000,0.625000,0.625000,0.875000,0.750000
494.25,0.600000,0.254951,0.125000,0.625000,0.625000,0.875000,0.750000
494.50,0.600000,0.254951,0.125000,0.625000,0.625000,0.875000,0.750000
494.75,0.600000,0.254951,0.125000,0.625000,0.625000,0.875000,0.750000
495.00,0.600000,0.254951,0.125000,0.625000,0.625000,0.875000,0.750000
495.25,0.600000,0.254951,0.125000,0.625000,0.625000,0.875000,0.750000
495.50,0.600000,0.254951,0.125000,0.625000,0.625000,0.875000,0.750000
495.75,0.600000,0.254951,0.125000,0.625000,0.625000,0.875000,0.750000
496.00,0.600000,0.254951,0.125000,0.625000,0.625000,0.875000,0.750000
496.25,0.600000,0.254951,0.125000,0.625000,0.625000,0.875000,0.750000
496.50,0.600000,0.254951,0.125000,0.625000,0.625000,0.875000,0.750000
496.75,0.600000,0.254951,0.125000,0.625000,0.625000,0.875000,0.750000
497.00,0.600000,0.254951,0.125000,0.625000,0.625000,0.875000,0.750000
497.25,0.600000,0.254951,0.125000,0.625000,0.625000,0.875000,0.750000
497.50,0.600000,0.254951,0.125000,0.625000,0.625000,0.875000,0.750000
497.75,0.600000,0.254951,0.125000,0.625000,0.625000,0.875000,0.750000
498.00,0.600000,0.254951,0.125000,0.625000,0.625000,0.875000,0.750000
498.25,0.600000,0.254951,0.125000,0.625000,0.625000,0.875000,0.750000
498.50,0.600000,0.254951,0.125000,0.625000,0.625000,0.875000,0.750000
498.75,0.600000,0.254951,0.125000,0.625000,0.625000,0.875000,0.750000
499.00,0.600000,0.254951,0.125000,0.625000,0.625000,0.875000,0.750000
499.25,0.600000,0.254951,0.125000,0.625000,0.625000,0.875000,0.750000
499.50,0.600000,0.254951,0.125000,0.625000,0.625000,0.875000,0.750000
499.75,0.600000,0.254951,0.125000,0.625000,0.625000,0.875000,0.750000
500.00,0.600000,0.254951,0.125000,0.625000,0.625000,0.875000,0.750000
500.25,0.600000,0.254951,0.125000,0.625000,0.625000,0.875000,0.750000
500.50,0.600000,0.254951,0.125000,0.625000,0.625000,0.875000,0.750000
500.75,0.600000,0.254951,0.125000,0.625000,0.625000,0.875000,0.750000
501.00,0.600000,0.254951,0.125000,0.625000,0.625000,0.875000,0.750000
501.25,0.600000,0.254951,0.125000,0.625000,0.625000,0.875000,0.750000
501.50,0.600000,0.254951,0.125000,0.625000,0.625000,0.875000,0.750000
501.75,0.600000,0.254951,0.125000,0.625000,0.625000,0.875000,0.750000
502.00,0.600000,0.254951,0.125000,0.625000,0.625000,0.875000,0.750000
502.25,0.600000,0.254951,0.125000,0.625000,0.625000,0.875000,0.750000
502.50,0.575000,0.244949,0.125000,0.625000,0.625000,0.875000,0.625000
502.75,0.575000,0.244949,0.125000,0.625000,0.625000,0.875000,0.625000
503.00,0.575000,0.244949,0.125000,0.625000,0.625000,0.875000,0.625000
503.25,0.575000,0.244949,0.125000,0.625000,0.625000,0.875000,0.625000
503.50,0.575000,0.244949,0.125000,0.625000,0.625000,0.875000,0.625000
503.75,0.575000,0.244949,0.125000,0.625000,0.625000,0.875000,0.625000
504.00,0.575000,0.244949,0.125000,0.625000,0.625000,0.875000,0.625000
504.25,0.575000,0.244949,0.125000,0.625000,0.625000,0.875000,0.625000
504.50,0.575000,0.244949,0.125000,0.625000,0.625000,0.875000,0.625000
504.75,0.575000,0.244949,0.125000,0.625000,0.625000,0.875000,0.625000
505.00,0.575000,0.244949,0.125000,0.625000,0.625000,0.875000,0.625000
505.25,0.575000,0.244949,0.125000,0.625000,0.625000,0.875000,0.625000
505.50,0.575000,0.244949,0.125000,0.625000,0.625000,0.875000,0.625000
505.75,0.575000,0.244949,0.125000,0.625000,0.625000,0.875000,0.625000
506.00,0.575000,0.244949,0.125000,0.625000,0.625000,0.875000,0.625000
506.25,0.575000,0.244949,0.125000,0.625000,0.625000,0.875000,0.625000
506.50,0.575000,0.244949,0.125000,0.625000,0.625000,0.875000,0.625000
506.75,0.575000,0.244949,0.125000,0.625000,0.625000,0.875000,0.625000
507.00,0.575000,0.244949,0.125000,0.625000,0.625000,0.875000,0.625000
507.25,0.575000,0.244949,0.125000,0.625000,0.625000,0.875000,0.625000
507.50,0.575000,0.244949,0.125000,0.625000,0.625000,0.875000,0.625000
507.75,0.575000,0.244949,0.125000,0.625000,0.625000,0.875000,0.625000
508.00,0.550000,0.217945,0.125000,0.625000,0.625000,0.750000,0.625000
508.25,0.550000,0.217945,0.125000,0.625000,0.625000,0.750000,0.625000
508.50,0.550000,0.217945,0.125000,0.625000,0.625000,0.750000,0.625000
508.75,0.550000,0.217945,0.125000,0.625000,0.625000,0.750000,0.625000
509.00,0.550000,0.217945,0.125000,0.625000,0.625000,0.750000,0.625000
509.25,0.550000,0.217945,0.125000,0.625000,0.625000,0.750000,0.625000
509.50,0.550000,0.217945,0.125000,0.625000,0.625000,0.750000,0.625000
509.75,0.550000,0.217945,0.125000,0.625000,0.625000,0.750000,0.625000
510.00,0.550000,0.217945,0.125000,0.625000,0.625000,0.750000,0.625000
510.25,0.550000,0.217945,0.125000,0.625000,0.625000,0.750000,0.625000
510.50,0.550000,0.217945,0.125000,0.625000,0.625000,0.750000,0.625000
510.75,0.550000,0.217945,0.125000,0.625000,0.625000,0.750000,0.625000
511.00,0.550000,0.217945,0.125000,0.625000,0.625000,0.750000,0.625000
511.25,0.550000,0.217945,0.125000,0.625000,0.625000,0.750000,0.625000
511.50,0.550000,0.217945,0.125000,0.625000,0.625000,0.750000,0.625000
511.75,0.550000,0.217945,0.125000,0.625000,0.625000,0.750000,0.625000
512.00,0.550000,0.217945,0.125000,0.625000,0.625000,0.750000,0.625000
512.25,0.550000,0.217945,0.125000,0.625000,0.625000,0.750000,0.625000
512.50,0.550000,0.217945,0.125000,0.625000,0.625000,0.750000,0.625000
512.75,0.550000,0.217945,0.125000,0.625000,0.625000,0.750000,0.625000
513.00,0.550000,0.217945,0.125000,0.625000,0.625000,0.750000,0.625000
513.25,0.550000,0.217945,0.125000,0.625000,0.625000,0.750000,0.625000
513.50,0.550000,0.217945,0.125000,0.625000,0.625000,0.750000,0.625000
513.75,0.550000,0.217945,0.125000,0.625000,0.625000,0.750000,0.625000
514.00,0.550000,0.217945,0.125000,0.625000,0.625000,0.750000,0.625000
514.25,0.550000,0.217945,0.125000,0.625000,0.625000,0.750000,0.625000
514.50,0.550000,0.217945,0.125000,0.625000,0.625000,0.750000,0.625000
514.75,0.550000,0.217945,0.125000,0.625000,0.625000,0.750000,0.625000
515.00,0.550000,0.217945,0.125000,0.625000,0.625000,0.750000,0.625000
515.25,0.550000,0.217945,0.125000,0.625000,0.625000,0.750000,0.625000
515.50,0.550000,0.217945,0.125000,0.625000,0.625000,0.750000,0.625000
515.75,0.550000,0.217945,0.125000,0.625000,0.625000,0.750000,0.625000
516.00,0.550000,0.217945,0.125000,0.625000,0.625000,0.750000,0.625000
516.25,0.550000,0.217945,0.125000,0.625000,0.625000,0.750000,0.625000
516.50,0.550000,0.217945,0.125000,0.625000,0.625000,0.750000,0.625000
516.75,0.550000,0.217945,0.125000,0.625000,0.625000,0.750000,0.625000
517.00,0.550000,0.217945,0.125000,0.625000,0.625000,0.750000,0.625000
517.25,0.550000,0.217945,0.125000,0.625000,0.625000,0.750000,0.625000
517.50,0.550000,0.217945,0.125000,0.625000,0.625000,0.750000,0.625000
517.75,0.550000,0.217945,0.125000,0.625000,0.625000,0.750000,0.625000
518.00,0.550000,0.217945,0.125000,0.625000,0.625000,0.750000,0.625000
518.25,0.550000,0.217945,0.125000,0.625000,0.625000,0.750000,0.625000
518.50,0.525000,0.200000,0.125000,0.625000,0.625000,0.625000,0.625000
518.75,0.525000,0.200000,0.125000,0.625000,0.625000,0.625000,0.625000
519.00,0.525000,0.200000,0.125000,0.625000,0.625000,0.625000,0.625000
519.25,0.525000,0.200000,0.125000,0.625000,0.625000,0.625000,0.625000
519.50,0.525000,0.200000,0.125000,0.625000,0.625000,0.625000,0.625000
519.75,0.525000,0.200000,0.125000,0.625000,0.625000,0.625000,0.625000
520.00,0.525000,0.200000,0.125000,0.625000,0.625000,0.625000,0.625000
520.25,0.525000,0.200000,0.125000,0.625000,0.625000,0.625000,0.625000
520.50,0.525000,0.200000,0.125000,0.625000,0.625000,0.625000,0.625000
520.75,0.525000,0.200000,0.125000,0.625000,0.625000,0.625000,0.625000
521.00,0.525000,0.200000,0.125000,0.625000,0.625000,0.625000,0.625000
521.25,0.525000,0.200000,0.125000,0.625000,0.625000,0.625000,0.625000
521.50,0.525000,0.200000,0.125000,0.625000,0.625000,0.625000,0.625000
521.75,0.525000,0.200000,0.125000,0.625000,0.625000,0.625000,0.625000
522.00,0.525000,0.200000,0.125000,0.625000,0.625000,0.625000,0.625000
522.25,0.525000,0.200000,0.125000,0.625000,0.625000,0.625000,0.625000
522.50,0.525000,0.200000,0.125000,0.625000,0.625000,0.625000,0.625000
522.75,0.525000,0.200000,0.125000,0.625000,0.625000,0.625000,0.625000
523.00,0.525000,0.200000,0.125000,0.625000,0.625000,0.625000,0.625000
523.25,0.525000,0.200000,0.125000,0.625000,0.625000,0.625000,0.625000
523.50,0.525000,0.200000,0.125000,0.625000,0.625000,0.625000,0.625000
523.75,0.525000,0.200000,0.125000,0.625000,0.625000,0.625000,0.625000
524.00,0.525000,0.200000,0.125000,0.625000,0.625000,0.625000,0.625000
524.25,0.525000,0.200000,0.125000,0.625000,0.625000,0.625000,0.625000
524.50,0.525000,0.200000,0.125000,0.625000,0.625000,0.625000,0.625000
524.75,0.525000,0.200000,0.125000,0.625000,0.625000,0.625000,0.625000
525.00,0.500000,0.193649,0.125000,0.625000,0.625000,0.625000,0.500000
525.25,0.500000,0.193649,0.125000,0.625000,0.625000,0.625000,0.500000
525.50,0.500000,0.193649,0.125000,0.625000,0.625000,0.625000,0.500000
525.75,0.525000,0.200000,0.125000,0.625000,0.625000,0.625000,0.625000
526.00,0.525000,0.200000,0.125000,0.625000,0.625000,0.625000,0.625000
526.25,0.500000,0.193649,0.125000,0.625000,0.625000,0.625000,0.500000
526.50,0.500000,0.193649,0.125000,0.625000,0.625000,0.625000,0.500000
526.75,0.500000,0.193649,0.125000,0.625000,0.625000,0.625000,0.500000
527.00,0.500000,0.193649,0.125000,0.625000,0.625000,0.625000,0.500000
527.25,0.500000,0.193649,0.125000,0.625000,0.625000,0.625000,0.500000
527.50,0.500000,0.193649,0.125000,0.625000,0.625000,0.625000,0.500000
527.75,0.525000,0.200000,0.125000,0.625000,0.625000,0.625000,0.625000
528.00,0.525000,0.200000,0.125000,0.625000,0.625000,0.625000,0.625000
528.25,0.525000,0.200000,0.125000,0.625000,0.625000,0.625000,0.625000
528.50,0.525000,0.200000,0.125000,0.625000,0.625000,0.625000,0.625000
528.75,0.525000,0.200000,0.125000,0.625000,0.625000,0.625000,0.625000
529.00,0.525000,0.200000,0.125000,0.625000,0.625000,0.625000,0.625000
529.25,0.525000,0.200000,0.125000,0.625000,0.625000,0.625000,0.625000
529.50,0.525000,0.200000,0.125000,0.625000,0.625000,0.625000,0.625000
529.75,0.525000,0.200000,0.125000,0.625000,0.625000,0.625000,0.625000
530.00,0.525000,0.200000,0.125000,0.625000,0.625000,0.625000,0.625000
530.25,0.525000,0.200000,0.125000,0.625000,0.625000,0.625000,0.625000
530.50,0.525000,0.200000,0.125000,0.625000,0.625000,0.625000,0.625000
530.75,0.550000,0.217945,0.125000,0.625000,0.625000,0.625000,0.750000
531.00,0.550000,0.217945,0.125000,0.625000,0.625000,0.625000,0.750000
531.25,0.550000,0.217945,0.125000,0.625000,0.625000,0.625000,0.750000
531.50,0.550000,0.217945,0.125000,0.625000,0.625000,0.625000,0.750000
531.75,0.525000,0.215058,0.125000,0.625000,0.500000,0.625000,0.750000
532.00,0.525000,0.215058,0.125000,0.625000,0.500000,0.625000,0.750000
532.25,0.525000,0.215058,0.125000,0.625000,0.500000,0.625000,0.750000
532.50,0.525000,0.215058,0.125000,0.625000,0.500000,0.625000,0.750000
532.75,0.525000,0.215058,0.125000,0.625000,0.500000,0.625000,0.750000
533.00,0.525000,0.215058,0.125000,0.625000,0.500000,0.625000,0.750000
533.25,0.525000,0.215058,0.125000,0.625000,0.500000,0.625000,0.750000
533.50,0.525000,0.215058,0.125000,0.625000,0.500000,0.625000,0.750000
533.75,0.525000,0.215058,0.125000,0.625000,0.500000,0.625000,0.750000
534.00,0.500000,0.193649,0.125000,0.625000,0.500000,0.625000,0.625000
534.25,0.500000,0.193649,0.125000,0.625000,0.500000,0.625000,0.625000
534.50,0.500000,0.193649,0.125000,0.625000,0.500000,0.625000,0.625000
534.75,0.500000,0.193649,0.125000,0.625000,0.500000,0.625000,0.625000
535.00,0.500000,0.193649,0.125000,0.625000,0.500000,0.625000,0.625000
535.25,0.500000,0.193649,0.125000,0.625000,0.500000,0.625000,0.625000
535.50,0.525000,0.215058,0.125000,0.625000,0.500000,0.625000,0.750000
535.75,0.500000,0.193649,0.125000,0.625000,0.500000,0.625000,0.625000
536.00,0.500000,0.193649,0.125000,0.625000,0.500000,0.625000,0.625000
536.25,0.475000,0.183712,0.125000,0.625000,0.500000,0.625000,0.500000
536.50,0.475000,0.183712,0.125000,0.625000,0.500000,0.625000,0.500000
536.75,0.475000,0.183712,0.125000,0.625000,0.500000,0.625000,0.500000
537.00,0.475000,0.183712,0.125000,0.625000,0.500000,0.625000,0.500000
537.25,0.475000,0.183712,0.125000,0.625000,0.500000,0.625000,0.500000
537.50,0.450000,0.169558,0.125000,0.625000,0.500000,0.500000,0.500000
537.75,0.450000,0.169558,0.125000,0.625000,0.500000,0.500000,0.500000
538.00,0.450000,0.169558,0.125000,0.625000,0.500000,0.500000,0.500000
538.25,0.450000,0.169558,0.125000,0.625000,0.500000,0.500000,0.500000
538.50,0.425000,0.169558,0.125000,0.625000,0.500000,0.375000,0.500000
538.75,0.425000,0.169558,0.125000,0.625000,0.500000,0.375000,0.500000
539.00,0.425000,0.169558,0.125000,0.625000,0.500000,0.375000,0.500000
539.25,0.425000,0.169558,0.125000,0.625000,0.500000,0.375000,0.500000
539.50,0.425000,0.169558,0.125000,0.625000,0.500000,0.375000,0.500000
539.75,0.425000,0.169558,0.125000,0.625000,0.500000,0.375000,0.500000
540.00,0.425000,0.169558,0.125000,0.625000,0.500000,0.375000,0.500000
540.25,0.425000,0.169558,0.125000,0.625000,0.500000,0.375000,0.500000
540.50,0.425000,0.169558,0.125000,0.625000,0.500000,0.375000,0.500000
540.75,0.425000,0.169558,0.125000,0.625000,0.500000,0.375000,0.500000
541.00,0.425000,0.169558,0.125000,0.625000,0.500000,0.375000,0.500000
541.25,0.425000,0.169558,0.125000,0.625000,0.500000,0.375000,0.500000
541.50,0.425000,0.169558,0.125000,0.625000,0.500000,0.375000,0.500000
541.75,0.425000,0.169558,0.125000,0.625000,0.500000,0.375000,0.500000
542.00,0.425000,0.169558,0.125000,0.625000,0.500000,0.375000,0.500000
542.25,0.425000,0.169558,0.125000,0.625000,0.500000,0.375000,0.500000
542.50,0.425000,0.169558,0.125000,0.625000,0.500000,0.375000,0.500000
542.75,0.400000,0.145774,0.125000,0.500000,0.500000,0.375000,0.500000
543.00,0.400000,0.145774,0.125000,0.500000,0.500000,0.375000,0.500000
543.25,0.375000,0.136931,0.125000,0.500000,0.375000,0.375000,0.500000
543.50,0.350000,0.122474,0.125000,0.500000,0.375000,0.375000,0.375000
543.75,0.350000,0.122474,0.125000,0.500000,0.375000,0.375000,0.375000
544.00,0.350000,0.122474,0.125000,0.500000,0.375000,0.375000,0.375000
544.25,0.350000,0.122474,0.125000,0.500000,0.375000,0.375000,0.375000
544.50,0.350000,0.122474,0.125000,0.500000,0.375000,0.375000,0.375000
544.75,0.325000,0.127475,0.125000,0.500000,0.250000,0.375000,0.375000
545.00,0.350000,0.122474,0.125000,0.500000,0.375000,0.375000,0.375000
545.25,0.325000,0.127475,0.125000,0.500000,0.250000,0.375000,0.375000
545.50,0.300000,0.127475,0.125000,0.500000,0.250000,0.250000,0.375000
545.75,0.300000,0.127475,0.125000,0.500000,0.250000,0.250000,0.375000
546.00,0.325000,0.127475,0.125000,0.500000,0.375000,0.250000,0.375000
546.25,0.325000,0.127475,0.125000,0.500000,0.375000,0.250000,0.375000
546.50,0.325000,0.127475,0.125000,0.500000,0.375000,0.250000,0.375000
546.75,0.325000,0.127475,0.125000,0.500000,0.375000,0.250000,0.375000
547.00,0.325000,0.127475,0.125000,0.500000,0.375000,0.250000,0.375000
547.25,0.325000,0.127475,0.125000,0.500000,0.375000,0.250000,0.375000
547.50,0.325000,0.127475,0.125000,0.500000,0.375000,0.250000,0.375000
547.75,0.325000,0.127475,0.125000,0.500000,0.375000,0.250000,0.375000
548.00,0.300000,0.127475,0.125000,0.500000,0.250000,0.250000,0.375000
548.25,0.325000,0.127475,0.125000,0.500000,0.375000,0.250000,0.375000
548.50,0.325000,0.127475,0.125000,0.500000,0.375000,0.250000,0.375000
548.75,0.300000,0.127475,0.125000,0.500000,0.250000,0.250000,0.375000
549.00,0.300000,0.127475,0.125000,0.500000,0.250000,0.250000,0.375000
549.25,0.300000,0.127475,0.125000,0.500000,0.250000,0.250000,0.375000
549.50,0.300000,0.127475,0.125000,0.500000,0.250000,0.250000,0.375000
549.75,0.300000,0.127475,0.125000,0.500000,0.250000,0.250000,0.375000
550.00,0.300000,0.127475,0.125000,0.500000,0.250000,0.250000,0.375000
550.25,0.300000,0.127475,0.125000,0.500000,0.250000,0.250000,0.375000
550.50,0.325000,0.127475,0.125000,0.500000,0.250000,0.375000,0.375000
550.75,0.325000,0.127475,0.125000,0.500000,0.250000,0.375000,0.375000
551.00,0.325000,0.127475,0.125000,0.500000,0.250000,0.375000,0.375000
551.25,0.325000,0.127475,0.125000,0.500000,0.250000,0.375000,0.375000
551.50,0.300000,0.150000,0.125000,0.500000,0.125000,0.375000,0.375000
551.75,0.300000,0.150000,0.125000,0.500000,0.125000,0.375000,0.375000
552.00,0.300000,0.150000,0.125000,0.500000,0.125000,0.375000,0.375000
552.25,0.300000,0.150000,0.125000,0.500000,0.125000,0.375000,0.375000
552.50,0.300000,0.150000,0.125000,0.500000,0.125000,0.375000,0.375000
552.75,0.300000,0.150000,0.125000,0.500000,0.125000,0.375000,0.375000
553.00,0.300000,0.150000,0.125000,0.500000,0.125000,0.375000,0.375000
553.25,0.300000,0.150000,0.125000,0.500000,0.125000,0.375000,0.375000
553.50,0.300000,0.150000,0.125000,0.500000,0.125000,0.375000,0.375000
553.75,0.300000,0.150000,0.125000,0.500000,0.125000,0.375000,0.375000
554.00,0.300000,0.150000,0.125000,0.500000,0.125000,0.375000,0.375000
554.25,0.300000,0.150000,0.125000,0.500000,0.125000,0.375000,0.375000
554.50,0.300000,0.150000,0.125000,0.500000,0.125000,0.375000,0.375000
554.75,0.300000,0.150000,0.125000,0.500000,0.125000,0.375000,0.375000
555.00,0.300000,0.150000,0.125000,0.500000,0.125000,0.375000,0.375000
555.25,0.300000,0.150000,0.125000,0.500000,0.125000,0.375000,0.375000
555.50,0.300000,0.150000,0.125000,0.500000,0.125000,0.375000,0.375000
555.75,0.300000,0.150000,0.125000,0.500000,0.125000,0.375000,0.375000
556.00,0.300000,0.150000,0.125000,0.500000,0.125000,0.375000,0.375000
556.25,0.300000,0.150000,0.125000,0.500000,0.125000,0.375000,0.375000
556.50,0.300000,0.150000,0.125000,0.500000,0.125000,0.375000,0.375000
556.75,0.300000,0.150000,0.125000,0.500000,0.125000,0.375000,0.375000
557.00,0.300000,0.150000,0.125000,0.500000,0.125000,0.375000,0.375000
557.25,0.300000,0.150000,0.125000,0.500000,0.125000,0.375000,0.375000
557.50,0.300000,0.150000,0.125000,0.500000,0.125000,0.375000,0.375000
557.75,0.300000,0.150000,0.125000,0.500000,0.125000,0.375000,0.375000
558.00,0.300000,0.150000,0.125000,0.500000,0.125000,0.375000,0.375000
558.25,0.300000,0.150000,0.125000,0.500000,0.125000,0.375000,0.375000
558.50,0.300000,0.150000,0.125000,0.500000,0.125000,0.375000,0.375000
558.75,0.300000,0.150000,0.125000,0.500000,0.125000,0.375000,0.375000
559.00,0.300000,0.150000,0.125000,0.500000,0.125000,0.375000,0.375000
559.25,0.300000,0.150000,0.125000,0.500000,0.125000,0.375000,0.375000
559.50,0.300000,0.150000,0.125000,0.500000,0.125000,0.375000,0.375000
559.75,0.300000,0.150000,0.125000,0.500000,0.125000,0.375000,0.375000
560.00,0.300000,0.150000,0.125000,0.500000,0.125000,0.375000,0.375000
560.25,0.300000,0.150000,0.125000,0.500000,0.125000,0.375000,0.375000
560.50,0.300000,0.150000,0.125000,0.500000,0.125000,0.375000,0.375000
560.75,0.300000,0.150000,0.125000,0.500000,0.125000,0.375000,0.375000
561.00,0.300000,0.150000,0.125000,0.500000,0.125000,0.375000,0.375000
561.25,0.300000,0.150000,0.125000,0.500000,0.125000,0.375000,0.375000
561.50,0.300000,0.150000,0.125000,0.500000,0.125000,0.375000,0.375000
561.75,0.300000,0.150000,0.125000,0.500000,0.125000,0.375000,0.375000
562.00,0.300000,0.150000,0.125000,0.500000,0.125000,0.375000,0.375000
562.25,0.300000,0.150000,0.125000,0.500000,0.125000,0.375000,0.375000
562.50,0.300000,0.150000,0.125000,0.500000,0.125000,0.375000,0.375000
562.75,0.300000,0.150000,0.125000,0.500000,0.125000,0.375000,0.375000
563.00,0.300000,0.150000,0.125000,0.500000,0.125000,0.375000,0.375000
563.25,0.300000,0.150000,0.125000,0.500000,0.125000,0.375000,0.375000
563.50,0.300000,0.150000,0.125000,0.500000,0.125000,0.375000,0.375000
563.75,0.300000,0.150000,0.125000,0.500000,0.125000,0.375000,0.375000
564.00,0.300000,0.150000,0.125000,0.500000,0.125000,0.375000,0.375000
564.25,0.300000,0.150000,0.125000,0.500000,0.125000,0.375000,0.375000
564.50,0.300000,0.150000,0.125000,0.500000,0.125000,0.375000,0.375000
564.75,0.300000,0.150000,0.125000,0.500000,0.125000,0.375000,0.375000
565.00,0.300000,0.150000,0.125000,0.500000,0.125000,0.375000,0.375000
565.25,0.300000,0.150000,0.125000,0.500000,0.125000,0.375000,0.375000
565.50,0.300000,0.150000,0.125000,0.500000,0.125000,0.375000,0.375000
565.75,0.300000,0.150000,0.125000,0.500000,0.125000,0.375000,0.375000
566.00,0.300000,0.150000,0.125000,0.500000,0.125000,0.375000,0.375000
566.25,0.300000,0.150000,0.125000,0.500000,0.125000,0.375000,0.375000
566.50,0.300000,0.150000,0.125000,0.500000,0.125000,0.375000,0.375000
566.75,0.300000,0.150000,0.125000,0.500000,0.125000,0.375000,0.375000
567.00,0.300000,0.150000,0.125000,0.500000,0.125000,0.375000,0.375000
567.25,0.300000,0.150000,0.125000,0.500000,0.125000,0.375000,0.375000
567.50,0.325000,0.187083,0.125000,0.625000,0.125000,0.375000,0.375000
567.75,0.325000,0.187083,0.125000,0.625000,0.125000,0.375000,0.375000
568.00,0.325000,0.187083,0.125000,0.625000,0.125000,0.375000,0.375000
568.25,0.325000,0.187083,0.125000,0.625000,0.125000,0.375000,0.375000
568.50,0.325000,0.187083,0.125000,0.625000,0.125000,0.375000,0.375000
568.75,0.325000,0.187083,0.125000,0.625000,0.125000,0.375000,0.375000
569.00,0.325000,0.187083,0.125000,0.625000,0.125000,0.375000,0.375000
569.25,0.325000,0.187083,0.125000,0.625000,0.125000,0.375000,0.375000
569.50,0.325000,0.187083,0.125000,0.625000,0.125000,0.375000,0.375000
569.75,0.325000,0.187083,0.125000,0.625000,0.125000,0.375000,0.375000
570.00,0.325000,0.187083,0.125000,0.625000,0.125000,0.375000,0.375000
570.25,0.325000,0.187083,0.125000,0.625000,0.125000,0.375000,0.375000
570.50,0.325000,0.187083,0.125000,0.625000,0.125000,0.375000,0.375000
570.75,0.325000,0.187083,0.125000,0.625000,0.125000,0.375000,0.375000
571.00,0.325000,0.187083,0.125000,0.625000,0.125000,0.375000,0.375000
571.25,0.325000,0.187083,0.125000,0.625000,0.125000,0.375000,0.375000
571.50,0.325000,0.187083,0.125000,0.625000,0.125000,0.375000,0.375000
571.75,0.325000,0.187083,0.125000,0.625000,0.125000,0.375000,0.375000
572.00,0.325000,0.187083,0.125000,0.625000,0.125000,0.375000,0.375000
572.25,0.325000,0.187083,0.125000,0.625000,0.125000,0.375000,0.375000
572.50,0.325000,0.187083,0.125000,0.625000,0.125000,0.375000,0.375000
572.75,0.325000,0.187083,0.125000,0.625000,0.125000,0.375000,0.375000
573.00,0.325000,0.187083,0.125000,0.625000,0.125000,0.375000,0.375000
573.25,0.325000,0.187083,0.125000,0.625000,0.125000,0.375000,0.375000
573.50,0.325000,0.187083,0.125000,0.625000,0.125000,0.375000,0.375000
573.75,0.325000,0.187083,0.125000,0.625000,0.125000,0.375000,0.375000
574.00,0.325000,0.187083,0.125000,0.625000,0.125000,0.375000,0.375000
574.25,0.325000,0.187083,0.125000,0.625000,0.125000,0.375000,0.375000
574.50,0.350000,0.165831,0.125000,0.625000,0.250000,0.375000,0.375000
574.75,0.350000,0.165831,0.125000,0.625000,0.250000,0.375000,0.375000
575.00,0.350000,0.165831,0.125000,0.625000,0.250000,0.375000,0.375000
575.25,0.350000,0.165831,0.125000,0.625000,0.250000,0.375000,0.375000
575.50,0.350000,0.165831,0.125000,0.625000,0.250000,0.375000,0.375000
575.75,0.350000,0.165831,0.125000,0.625000,0.250000,0.375000,0.375000
576.00,0.350000,0.165831,0.125000,0.625000,0.250000,0.375000,0.375000
576.25,0.350000,0.165831,0.125000,0.625000,0.250000,0.375000,0.375000
576.50,0.350000,0.165831,0.125000,0.625000,0.250000,0.375000,0.375000
576.75,0.350000,0.165831,0.125000,0.625000,0.250000,0.375000,0.375000
577.00,0.350000,0.165831,0.125000,0.625000,0.250000,0.375000,0.375000
577.25,0.350000,0.165831,0.125000,0.625000,0.250000,0.375000,0.375000
577.50,0.350000,0.165831,0.125000,0.625000,0.250000,0.375000,0.375000
577.75,0.350000,0.165831,0.125000,0.625000,0.250000,0.375000,0.375000
578.00,0.350000,0.165831,0.125000,0.625000,0.250000,0.375000,0.375000
578.25,0.350000,0.165831,0.125000,0.625000,0.250000,0.375000,0.375000
578.50,0.350000,0.165831,0.125000,0.625000,0.250000,0.375000,0.375000
578.75,0.350000,0.165831,0.125000,0.625000,0.250000,0.375000,0.375000
579.00,0.350000,0.165831,0.125000,0.625000,0.250000,0.375000,0.375000
579.25,0.350000,0.165831,0.125000,0.625000,0.250000,0.375000,0.375000
579.50,0.350000,0.165831,0.125000,0.625000,0.250000,0.375000,0.375000
579.75,0.350000,0.165831,0.125000,0.625000,0.250000,0.375000,0.375000
580.00,0.350000,0.165831,0.125000,0.625000,0.250000,0.375000,0.375000
580.25,0.350000,0.165831,0.125000,0.625000,0.250000,0.375000,0.375000
580.50,0.350000,0.165831,0.125000,0.625000,0.250000,0.375000,0.375000
580.75,0.350000,0.165831,0.125000,0.625000,0.250000,0.375000,0.375000
581.00,0.350000,0.165831,0.125000,0.625000,0.250000,0.375000,0.375000
581.25,0.350000,0.165831,0.125000,0.625000,0.250000,0.375000,0.375000
581.50,0.350000,0.165831,0.125000,0.625000,0.250000,0.375000,0.375000
581.75,0.350000,0.165831,0.125000,0.625000,0.250000,0.375000,0.375000
582.00,0.350000,0.165831,0.125000,0.625000,0.250000,0.375000,0.375000
582.25,0.350000,0.165831,0.125000,0.625000,0.250000,0.375000,0.375000
582.50,0.350000,0.165831,0.125000,0.625000,0.250000,0.375000,0.375000
582.75,0.350000,0.165831,0.125000,0.625000,0.250000,0.375000,0.375000
583.00,0.350000,0.165831,0.125000,0.625000,0.250000,0.375000,0.375000
583.25,0.350000,0.165831,0.125000,0.625000,0.250000,0.375000,0.375000
583.50,0.350000,0.165831,0.125000,0.625000,0.250000,0.375000,0.375000
583.75,0.350000,0.165831,0.125000,0.625000,0.250000,0.375000,0.375000
584.00,0.350000,0.165831,0.125000,0.625000,0.250000,0.375000,0.375000
584.25,0.350000,0.165831,0.125000,0.625000,0.250000,0.375000,0.375000
584.50,0.350000,0.165831,0.125000,0.625000,0.250000,0.375000,0.375000
584.75,0.350000,0.165831,0.125000,0.625000,0.250000,0.375000,0.375000
585.00,0.325000,0.169558,0.125000,0.625000,0.250000,0.250000,0.375000
585.25,0.325000,0.169558,0.125000,0.625000,0.250000,0.250000,0.375000
585.50,0.325000,0.169558,0.125000,0.625000,0.250000,0.250000,0.375000
585.75,0.325000,0.169558,0.125000,0.625000,0.250000,0.250000,0.375000
586.00,0.325000,0.169558,0.125000,0.625000,0.250000,0.250000,0.375000
586.25,0.300000,0.187083,0.125000,0.625000,0.250000,0.125000,0.375000
586.50,0.300000,0.187083,0.125000,0.625000,0.250000,0.125000,0.375000
586.75,0.300000,0.187083,0.125000,0.625000,0.250000,0.125000,0.375000
587.00,0.300000,0.187083,0.125000,0.625000,0.250000,0.125000,0.375000
587.25,0.300000,0.187083,0.125000,0.625000,0.250000,0.125000,0.375000
587.50,0.300000,0.187083,0.125000,0.625000,0.250000,0.125000,0.375000
587.75,0.300000,0.187083,0.125000,0.625000,0.250000,0.125000,0.375000
588.00,0.300000,0.187083,0.125000,0.625000,0.250000,0.125000,0.375000
588.25,0.300000,0.187083,0.125000,0.625000,0.250000,0.125000,0.375000
588.50,0.300000,0.187083,0.125000,0.625000,0.250000,0.125000,0.375000
588.75,0.300000,0.187083,0.125000,0.625000,0.250000,0.125000,0.375000
589.00,0.300000,0.187083,0.125000,0.625000,0.250000,0.125000,0.375000
589.25,0.300000,0.187083,0.125000,0.625000,0.250000,0.125000,0.375000
589.50,0.300000,0.187083,0.125000,0.625000,0.250000,0.125000,0.375000
589.75,0.300000,0.187083,0.125000,0.625000,0.250000,0.125000,0.375000
590.00,0.300000,0.187083,0.125000,0.625000,0.250000,0.125000,0.375000
590.25,0.300000,0.187083,0.125000,0.625000,0.250000,0.125000,0.375000
590.50,0.300000,0.187083,0.125000,0.625000,0.250000,0.125000,0.375000
590.75,0.300000,0.187083,0.125000,0.625000,0.250000,0.125000,0.375000
591.00,0.275000,0.200000,0.125000,0.625000,0.125000,0.125000,0.375000
591.25,0.275000,0.200000,0.125000,0.625000,0.125000,0.125000,0.375000
591.50,0.275000,0.200000,0.125000,0.625000,0.125000,0.125000,0.375000
591.75,0.275000,0.200000,0.125000,0.625000,0.125000,0.125000,0.375000
592.00,0.275000,0.200000,0.125000,0.625000,0.125000,0.125000,0.375000
592.25,0.275000,0.200000,0.125000,0.625000,0.125000,0.125000,0.375000
592.50,0.275000,0.200000,0.125000,0.625000,0.125000,0.125000,0.375000
592.75,0.275000,0.200000,0.125000,0.625000,0.125000,0.125000,0.375000
593.00,0.275000,0.200000,0.125000,0.625000,0.125000,0.125000,0.375000
593.25,0.275000,0.200000,0.125000,0.625000,0.125000,0.125000,0.375000
593.50,0.275000,0.200000,0.125000,0.625000,0.125000,0.125000,0.375000
593.75,0.275000,0.200000,0.125000,0.625000,0.125000,0.125000,0.375000
594.00,0.275000,0.200000,0.125000,0.625000,0.125000,0.125000,0.375000
594.25,0.275000,0.200000,0.125000,0.625000,0.125000,0.125000,0.375000
594.50,0.275000,0.200000,0.125000,0.625000,0.125000,0.125000,0.375000
594.75,0.275000,0.200000,0.125000,0.625000,0.125000,0.125000,0.375000
595.00,0.275000,0.200000,0.125000,0.625000,0.125000,0.125000,0.375000
595.25,0.275000,0.200000,0.125000,0.625000,0.125000,0.125000,0.375000
595.50,0.275000,0.200000,0.125000,0.625000,0.125000,0.125000,0.375000
595.75,0.275000,0.200000,0.125000,0.625000,0.125000,0.125000,0.375000
596.00,0.275000,0.200000,0.125000,0.625000,0.125000,0.125000,0.375000
596.25,0.275000,0.200000,0.125000,0.625000,0.125000,0.125000,0.375000
596.50,0.275000,0.200000,0.125000,0.625000,0.125000,0.125000,0.375000
596.75,0.275000,0.200000,0.125000,0.625000,0.125000,0.125000,0.375000
597.00,0.275000,0.200000,0.125000,0.625000,0.125000,0.125000,0.375000
597.25,0.275000,0.200000,0.125000,0.625000,0.125000,0.125000,0.375000
597.50,0.275000,0.200000,0.125000,0.625000,0.125000,0.125000,0.375000
597.75,0.250000,0.223607,0.000000,0.625000,0.125000,0.125000,0.375000
598.00,0.250000,0.223607,0.000000,0.625000,0.125000,0.125000,0.375000
598.25,0.250000,0.223607,0.000000,0.625000,0.125000,0.125000,0.375000
598.50,0.250000,0.223607,0.000000,0.625000,0.125000,0.125000,0.375000
598.75,0.250000,0.223607,0.000000,0.625000,0.125000,0.125000,0.375000
599.00,0.250000,0.223607,0.000000,0.625000,0.125000,0.125000,0.375000
599.25,0.250000,0.223607,0.000000,0.625000,0.125000,0.125000,0.375000
599.50,0.250000,0.223607,0.000000,0.625000,0.125000,0.125000,0.375000
599.75,0.250000,0.223607,0.000000,0.625000,0.125000,0.125000,0.375000
600.00,0.250000,0.223607,0.000000,0.625000,0.125000,0.125000,0.375000
