time_s,mean,std,seed0,seed1,seed2,seed3,seed4
100.00,1.000000,0.000000,1.000000,1.000000,1.000000,1.000000,1.000000
100.25,1.000000,0.000000,1.000000,1.000000,1.000000,1.000000,1.000000
100.50,1.000000,0.000000,1.000000,1.000000,1.000000,1.000000,1.000000
100.75,1.000000,0.000000,1.000000,1.000000,1.000000,1.000000,1.000000
101.00,1.000000,0.000000,1.000000,1.000000,1.000000,1.000000,1.000000
101.25,1.000000,0.000000,1.000000,1.000000,1.000000,1.000000,1.000000
101.50,1.000000,0.000000,1.000000,1.000000,1.000000,1.000000,1.000000
101.75,1.000000,0.000000,1.000000,1.000000,1.000000,1.000000,1.000000
102.00,1.000000,0.000000,1.000000,1.000000,1.000000,1.000000,1.000000
102.25,1.000000,0.000000,1.000000,1.000000,1.000000,1.000000,1.000000
102.50,1.000000,0.000000,1.000000,1.000000,1.000000,1.000000,1.000000
102.75,1.000000,0.000000,1.000000,1.000000,1.000000,1.000000,1.000000
103.00,1.000000,0.000000,1.000000,1.000000,1.000000,1.000000,1.000000
103.25,1.000000,0.000000,1.000000,1.000000,1.000000,1.000000,1.000000
103.50,1.000000,0.000000,1.000000,1.000000,1.000000,1.000000,1.000000
103.75,1.000000,0.000000,1.000000,1.000000,1.000000,1.000000,1.000000
104.00,1.000000,0.000000,1.000000,1.000000,1.000000,1.000000,1.000000
104.25,1.000000,0.000000,1.000000,1.000000,1.000000,1.000000,1.000000
104.50,1.000000,0.000000,1.000000,1.000000,1.000000,1.000000,1.000000
104.75,1.000000,0.000000,1.000000,1.000000,1.000000,1.000000,1.000000
105.00,1.000000,0.000000,1.000000,1.000000,1.000000,1.000000,1.000000
105.25,1.000000,0.000000,1.000000,1.000000,1.000000,1.000000,1.000000
105.50,1.000000,0.000000,1.000000,1.000000,1.000000,1.000000,1.000000
105.75,1.000000,0.000000,1.000000,1.000000,1.000000,1.000000,1.000000
106.00,1.000000,0.000000,1.000000,1.000000,1.000000,1.000000,1.000000
106.25,1.000000,0.000000,1.000000,1.000000,1.000000,1.000000,1.000000
106.50,1.000000,0.000000,1.000000,1.000000,1.000000,1.000000,1.000000
106.75,1.000000,0.000000,1.000000,1.000000,1.000000,1.000000,1.000000
107.00,1.000000,0.000000,1.000000,1.000000,1.000000,1.000000,1.000000
107.25,1.000000,0.000000,1.000000,1.000000,1.000000,1.000000,1.000000
107.50,1.000000,0.000000,1.000000,1.000000,1.000000,1.000000,1.000000
107.75,1.000000,0.000000,1.000000,1.000000,1.000000,1.000000,1.000000
108.00,1.000000,0.000000,1.000000,1.000000,1.000000,1.000000,1.000000
108.25,1.000000,0.000000,1.000000,1.000000,1.000000,1.000000,1.000000
108.50,1.000000,0.000000,1.000000,1.000000,1.000000,1.000000,1.000000
108.75,1.000000,0.000000,1.000000,1.000000,1.000000,1.000000,1.000000
109.00,1.000000,0.000000,1.000000,1.000000,1.000000,1.000000,1.000000
109.25,1.000000,0.000000,1.000000,1.000000,1.000000,1.000000,1.000000
109.50,1.000000,0.000000,1.000000,1.000000,1.000000,1.000000,1.000000
109.75,1.000000,0.000000,1.000000,1.000000,1.000000,1.000000,1.000000
110.00,1.000000,0.000000,1.000000,1.000000,1.000000,1.000000,1.000000
110.25,1.000000,0.000000,1.000000,1.000000,1.000000,1.000000,1.000000
110.50,1.000000,0.000000,1.000000,1.000000,1.000000,1.000000,1.000000
110.75,1.000000,0.000000,1.000000,1.000000,1.000000,1.000000,1.000000
111.00,1.000000,0.000000,1.000000,1.000000,1.000000,1.000000,1.000000
111.25,1.000000,0.000000,1.000000,1.000000,1.000000,1.000000,1.000000
111.50,1.000000,0.000000,1.000000,1.000000,1.000000,1.000000,1.000000
111.75,1.000000,0.000000,1.000000,1.000000,1.000000,1.000000,1.000000
112.00,1.000000,0.000000,1.000000,1.000000,1.000000,1.000000,1.000000
112.25,1.000000,0.000000,1.000000,1.000000,1.000000,1.000000,1.000000
112.50,1.000000,0.000000,1.000000,1.000000,1.000000,1.000000,1.000000
112.75,1.000000,0.000000,1.000000,1.000000,1.000000,1.000000,1.000000
113.00,1.000000,0.000000,1.000000,1.000000,1.000000,1.000000,1.000000
113.25,1.000000,0.000000,1.000000,1.000000,1.000000,1.000000,1.000000
113.50,1.000000,0.000000,1.000000,1.000000,1.000000,1.000000,1.000000
113.75,1.000000,0.000000,1.000000,1.000000,1.000000,1.000000,1.000000
114.00,1.000000,0.000000,1.000000,1.000000,1.000000,1.000000,1.000000
114.25,1.000000,0.000000,1.000000,1.000000,1.000000,1.000000,1.000000
114.50,1.000000,0.000000,1.000000,1.000000,1.000000,1.000000,1.000000
114.75,1.000000,0.000000,1.000000,1.000000,1.000000,1.000000,1.000000
115.00,1.000000,0.000000,1.000000,1.000000,1.000000,1.000000,1.000000
115.25,1.000000,0.000000,1.000000,1.000000,1.000000,1.000000,1.000000
115.50,1.000000,0.000000,1.000000,1.000000,1.000000,1.000000,1.000000
115.75,1.000000,0.000000,1.000000,1.000000,1.000000,1.000000,1.000000
116.00,1.000000,0.000000,1.000000,1.000000,1.000000,1.000000,1.000000
116.25,1.000000,0.000000,1.000000,1.000000,1.000000,1.000000,1.000000
116.50,1.000000,0.000000,1.000000,1.000000,1.000000,1.000000,1.000000
116.75,1.000000,0.000000,1.000000,1.000000,1.000000,1.000000,1.000000
117.00,1.000000,0.000000,1.000000,1.000000,1.000000,1.000000,1.000000
117.25,1.000000,0.000000,1.000000,1.000000,1.000000,1.000000,1.000000
117.50,1.000000,0.000000,1.000000,1.000000,1.000000,1.000000,1.000000
117.75,1.000000,0.000000,1.000000,1.000000,1.000000,1.000000,1.000000
118.00,1.000000,0.000000,1.000000,1.000000,1.000000,1.000000,1.000000
118.25,1.000000,0.000000,1.000000,1.000000,1.000000,1.000000,1.000000
118.50,1.000000,0.000000,1.000000,1.000000,1.000000,1.000000,1.000000
118.75,1.000000,0.000000,1.000000,1.000000,1.000000,1.000000,1.000000
119.00,1.000000,0.000000,1.000000,1.000000,1.000000,1.000000,1.000000
119.25,1.000000,0.000000,1.000000,1.000000,1.000000,1.000000,1.000000
119.50,1.000000,0.000000,1.000000,1.000000,1.000000,1.000000,1.000000
119.75,1.000000,0.000000,1.000000,1.000000,1.000000,1.000000,1.000000
120.00,1.000000,0.000000,1.000000,1.000000,1.000000,1.000000,1.000000
120.25,1.000000,0.000000,1.000000,1.000000,1.000000,1.000000,1.000000
120.50,1.000000,0.000000,1.000000,1.000000,1.000000,1.000000,1.000000
120.75,1.000000,0.000000,1.000000,1.000000,1.000000,1.000000,1.000000
121.00,1.000000,0.000000,1.000000,1.000000,1.000000,1.000000,1.000000
121.25,1.000000,0.000000,1.000000,1.000000,1.000000,1.000000,1.000000
121.50,1.000000,0.000000,1.000000,1.000000,1.000000,1.000000,1.000000
121.75,1.000000,0.000000,1.000000,1.000000,1.000000,1.000000,1.000000
122.00,1.000000,0.000000,1.000000,1.000000,1.000000,1.000000,1.000000
122.25,1.000000,0.000000,1.000000,1.000000,1.000000,1.000000,1.000000
122.50,1.000000,0.000000,1.000000,1.000000,1.000000,1.000000,1.000000
122.75,1.000000,0.000000,1.000000,1.000000,1.000000,1.000000,1.000000
123.00,1.000000,0.000000,1.000000,1.000000,1.000000,1.000000,1.000000
123.25,1.000000,0.000000,1.000000,1.000000,1.000000,1.000000,1.000000
123.50,1.000000,0.000000,1.000000,1.000000,1.000000,1.000000,1.000000
123.75,1.000000,0.000000,1.000000,1.000000,1.000000,1.000000,1.000000
124.00,1.000000,0.000000,1.000000,1.000000,1.000000,1.000000,1.000000
124.25,1.000000,0.000000,1.000000,1.000000,1.000000,1.000000,1.000000
124.50,1.000000,0.000000,1.000000,1.000000,1.000000,1.000000,1.000000
124.75,1.000000,0.000000,1.000000,1.000000,1.000000,1.000000,1.000000
125.00,1.000000,0.000000,1.000000,1.000000,1.000000,1.000000,1.000000
125.25,1.000000,0.000000,1.000000,1.000000,1.000000,1.000000,1.000000
125.50,1.000000,0.000000,1.000000,1.000000,1.000000,1.000000,1.000000
125.75,1.000000,0.000000,1.000000,1.000000,1.000000,1.000000,1.000000
126.00,1.000000,0.000000,1.000000,1.000000,1.000000,1.000000,1.000000
126.25,1.000000,0.000000,1.000000,1.000000,1.000000,1.000000,1.000000
126.50,1.000000,0.000000,1.000000,1.000000,1.000000,1.000000,1.000000
126.75,1.000000,0.000000,1.000000,1.000000,1.000000,1.000000,1.000000
127.00,1.000000,0.000000,1.000000,1.000000,1.000000,1.000000,1.000000
127.25,1.000000,0.000000,1.000000,1.000000,1.000000,1.000000,1.000000
127.50,1.000000,0.000000,1.000000,1.000000,1.000000,1.000000,1.000000
127.75,0.975000,0.050000,1.000000,1.000000,1.000000,0.875000,1.000000
128.00,0.975000,0.050000,1.000000,1.000000,1.000000,0.875000,1.000000
128.25,0.975000,0.050000,1.000000,1.000000,1.000000,0.875000,1.000000
128.50,0.975000,0.050000,1.000000,1.000000,1.000000,0.875000,1.000000
128.75,0.975000,0.050000,1.000000,1.000000,1.000000,0.875000,1.000000
129.00,0.975000,0.050000,1.000000,1.000000,1.000000,0.875000,1.000000
129.25,0.975000,0.050000,1.000000,1.000000,1.000000,0.875000,1.000000
129.50,0.975000,0.050000,1.000000,1.000000,1.000000,0.875000,1.000000
129.75,0.975000,0.050000,1.000000,1.000000,1.000000,0.875000,1.000000
130.00,0.975000,0.050000,1.000000,1.000000,1.000000,0.875000,1.000000
130.25,0.975000,0.050000,1.000000,1.000000,1.000000,0.875000,1.000000
130.50,0.950000,0.100000,1.000000,1.000000,1.000000,0.750000,1.000000
130.75,0.950000,0.100000,1.000000,1.000000,1.000000,0.750000,1.000000
131.00,0.950000,0.100000,1.000000,1.000000,1.000000,0.750000,1.000000
131.25,0.950000,0.100000,1.000000,1.000000,1.000000,0.750000,1.000000
131.50,0.950000,0.100000,1.000000,1.000000,1.000000,0.750000,1.000000
131.75,0.950000,0.100000,1.000000,1.000000,1.000000,0.750000,1.000000
132.00,0.950000,0.100000,1.000000,1.000000,1.000000,0.750000,1.000000
132.25,0.950000,0.100000,1.000000,1.000000,1.000000,0.750000,1.000000
132.50,0.950000,0.100000,1.000000,1.000000,1.000000,0.750000,1.000000
132.75,0.950000,0.100000,1.000000,1.000000,1.000000,0.750000,1.000000
133.00,0.950000,0.100000,1.000000,1.000000,1.000000,0.750000,1.000000
133.25,0.950000,0.100000,1.000000,1.000000,1.000000,0.750000,1.000000
133.50,0.950000,0.100000,1.000000,1.000000,1.000000,0.750000,1.000000
133.75,0.950000,0.100000,1.000000,1.000000,1.000000,0.750000,1.000000
134.00,0.950000,0.100000,1.000000,1.000000,1.000000,0.750000,1.000000
134.25,0.950000,0.100000,1.000000,1.000000,1.000000,0.750000,1.000000
134.50,0.950000,0.100000,1.000000,1.000000,1.000000,0.750000,1.000000
134.75,0.950000,0.100000,1.000000,1.000000,1.000000,0.750000,1.000000
135.00,0.950000,0.100000,1.000000,1.000000,1.000000,0.750000,1.000000
135.25,0.950000,0.100000,1.000000,1.000000,1.000000,0.750000,1.000000
135.50,0.950000,0.100000,1.000000,1.000000,1.000000,0.750000,1.000000
135.75,0.950000,0.100000,1.000000,1.000000,1.000000,0.750000,1.000000
136.00,0.950000,0.100000,1.000000,1.000000,1.000000,0.750000,1.000000
136.25,0.950000,0.100000,1.000000,1.000000,1.000000,0.750000,1.000000
136.50,0.950000,0.100000,1.000000,1.000000,1.000000,0.750000,1.000000
136.75,0.950000,0.100000,1.000000,1.000000,1.000000,0.750000,1.000000
137.00,0.950000,0.100000,1.000000,1.000000,1.000000,0.750000,1.000000
137.25,0.950000,0.100000,1.000000,1.000000,1.000000,0.750000,1.000000
137.50,0.950000,0.100000,1.000000,1.000000,1.000000,0.750000,1.000000
137.75,0.950000,0.100000,1.000000,1.000000,1.000000,0.750000,1.000000
138.00,0.950000,0.100000,1.000000,1.000000,1.000000,0.750000,1.000000
138.25,0.950000,0.100000,1.000000,1.000000,1.000000,0.750000,1.000000
138.50,0.950000,0.100000,1.000000,1.000000,1.000000,0.750000,1.000000
138.75,0.950000,0.100000,1.000000,1.000000,1.000000,0.750000,1.000000
139.00,0.950000,0.100000,1.000000,1.000000,1.000000,0.750000,1.000000
139.25,0.950000,0.100000,1.000000,1.000000,1.000000,0.750000,1.000000
139.50,0.950000,0.100000,1.000000,1.000000,1.000000,0.750000,1.000000
139.75,0.950000,0.100000,1.000000,1.000000,1.000000,0.750000,1.000000
140.00,0.950000,0.100000,1.000000,1.000000,1.000000,0.750000,1.000000
140.25,0.950000,0.100000,1.000000,1.000000,1.000000,0.750000,1.000000
140.50,0.950000,0.100000,1.000000,1.000000,1.000000,0.750000,1.000000
140.75,0.950000,0.100000,1.000000,1.000000,1.000000,0.750000,1.000000
141.00,0.950000,0.100000,1.000000,1.000000,1.000000,0.750000,1.000000
141.25,0.950000,0.100000,1.000000,1.000000,1.000000,0.750000,1.000000
141.50,0.950000,0.100000,1.000000,1.000000,1.000000,0.750000,1.000000
141.75,0.950000,0.100000,1.000000,1.000000,1.000000,0.750000,1.000000
142.00,0.950000,0.100000,1.000000,1.000000,1.000000,0.750000,1.000000
142.25,0.950000,0.100000,1.000000,1.000000,1.000000,0.750000,1.000000
142.50,0.950000,0.100000,1.000000,1.000000,1.000000,0.750000,1.000000
142.75,0.950000,0.100000,1.000000,1.000000,1.000000,0.750000,1.000000
143.00,0.950000,0.100000,1.000000,1.000000,1.000000,0.750000,1.000000
143.25,0.950000,0.100000,1.000000,1.000000,1.000000,0.750000,1.000000
143.50,0.950000,0.100000,1.000000,1.000000,1.000000,0.750000,1.000000
143.75,0.950000,0.100000,1.000000,1.000000,1.000000,0.750000,1.000000
144.00,0.950000,0.100000,1.000000,1.000000,1.000000,0.750000,1.000000
144.25,0.950000,0.100000,1.000000,1.000000,1.000000,0.750000,1.000000
144.50,0.950000,0.100000,1.000000,1.000000,1.000000,0.750000,1.000000
144.75,0.950000,0.100000,1.000000,1.000000,1.000000,0.750000,1.000000
145.00,0.950000,0.100000,1.000000,1.000000,1.000000,0.750000,1.000000
145.25,0.950000,0.100000,1.000000,1.000000,1.000000,0.750000,1.000000
145.50,0.950000,0.100000,1.000000,1.000000,1.000000,0.750000,1.000000
145.75,0.950000,0.100000,1.000000,1.000000,1.000000,0.750000,1.000000
146.00,0.950000,0.100000,1.000000,1.000000,1.000000,0.750000,1.000000
146.25,0.950000,0.100000,1.000000,1.000000,1.000000,0.750000,1.000000
146.50,0.950000,0.100000,1.000000,1.000000,1.000000,0.750000,1.000000
146.75,0.950000,0.100000,1.000000,1.000000,1.000000,0.750000,1.000000
147.00,0.950000,0.100000,1.000000,1.000000,1.000000,0.750000,1.000000
147.25,0.925000,0.150000,1.000000,1.000000,1.000000,0.625000,1.000000
147.50,0.925000,0.150000,1.000000,1.000000,1.000000,0.625000,1.000000
147.75,0.925000,0.150000,1.000000,1.000000,1.000000,0.625000,1.000000
148.00,0.925000,0.150000,1.000000,1.000000,1.000000,0.625000,1.000000
148.25,0.900000,0.145774,0.875000,1.000000,1.000000,0.625000,1.000000
148.50,0.900000,0.145774,0.875000,1.000000,1.000000,0.625000,1.000000
148.75,0.900000,0.145774,0.875000,1.000000,1.000000,0.625000,1.000000
149.00,0.900000,0.145774,0.875000,1.000000,1.000000,0.625000,1.000000
149.25,0.900000,0.145774,0.875000,1.000000,1.000000,0.625000,1.000000
149.50,0.900000,0.145774,0.875000,1.000000,1.000000,0.625000,1.000000
149.75,0.900000,0.145774,0.875000,1.000000,1.000000,0.625000,1.000000
150.00,0.900000,0.145774,0.875000,1.000000,1.000000,0.625000,1.000000
150.25,0.900000,0.145774,0.875000,1.000000,1.000000,0.625000,1.000000
150.50,0.900000,0.145774,0.875000,1.000000,1.000000,0.625000,1.000000
150.75,0.900000,0.145774,0.875000,1.000000,1.000000,0.625000,1.000000
151.00,0.900000,0.145774,0.875000,1.000000,1.000000,0.625000,1.000000
151.25,0.900000,0.145774,0.875000,1.000000,1.000000,0.625000,1.000000
151.50,0.900000,0.145774,0.875000,1.000000,1.000000,0.625000,1.000000
151.75,0.900000,0.145774,0.875000,1.000000,1.000000,0.625000,1.000000
152.00,0.900000,0.145774,0.875000,1.000000,1.000000,0.625000,1.000000
152.25,0.900000,0.145774,0.875000,1.000000,1.000000,0.625000,1.000000
152.50,0.875000,0.136931,0.875000,0.875000,1.000000,0.625000,1.000000
152.75,0.875000,0.136931,0.875000,0.875000,1.000000,0.625000,1.000000
153.00,0.875000,0.136931,0.875000,0.875000,1.000000,0.625000,1.000000
153.25,0.875000,0.136931,0.875000,0.875000,1.000000,0.625000,1.000000
153.50,0.875000,0.136931,0.875000,0.875000,1.000000,0.625000,1.000000
153.75,0.875000,0.136931,0.875000,0.875000,1.000000,0.625000,1.000000
154.00,0.875000,0.136931,0.875000,0.875000,1.000000,0.625000,1.000000
154.25,0.875000,0.136931,0.875000,0.875000,1.000000,0.625000,1.000000
154.50,0.875000,0.136931,0.875000,0.875000,1.000000,0.625000,1.000000
154.75,0.875000,0.136931,0.875000,0.875000,1.000000,0.625000,1.000000
155.00,0.875000,0.136931,0.875000,0.875000,1.000000,0.625000,1.000000
155.25,0.875000,0.136931,0.875000,0.875000,1.000000,0.625000,1.000000
155.50,0.875000,0.136931,0.875000,0.875000,1.000000,0.625000,1.000000
155.75,0.875000,0.136931,0.875000,0.875000,1.000000,0.625000,1.000000
156.00,0.875000,0.136931,0.875000,0.875000,1.000000,0.625000,1.000000
156.25,0.875000,0.136931,0.875000,0.875000,1.000000,0.625000,1.000000
156.50,0.875000,0.136931,0.875000,0.875000,1.000000,0.625000,1.000000
156.75,0.875000,0.136931,0.875000,0.875000,1.000000,0.625000,1.000000
157.00,0.875000,0.136931,0.875000,0.875000,1.000000,0.625000,1.000000
157.25,0.875000,0.136931,0.875000,0.875000,1.000000,0.625000,1.000000
157.50,0.875000,0.136931,0.875000,0.875000,1.000000,0.625000,1.000000
157.75,0.875000,0.136931,0.875000,0.875000,1.000000,0.625000,1.000000
158.00,0.875000,0.136931,0.875000,0.875000,1.000000,0.625000,1.000000
158.25,0.875000,0.136931,0.875000,0.875000,1.000000,0.625000,1.000000
158.50,0.875000,0.136931,0.875000,0.875000,1.000000,0.625000,1.000000
158.75,0.875000,0.136931,0.875000,0.875000,1.000000,0.625000,1.000000
159.00,0.875000,0.136931,0.875000,0.875000,1.000000,0.625000,1.000000
159.25,0.875000,0.136931,0.875000,0.875000,1.000000,0.625000,1.000000
159.50,0.875000,0.136931,0.875000,0.875000,1.000000,0.625000,1.000000
159.75,0.850000,0.183712,0.875000,0.875000,1.000000,0.500000,1.000000
160.00,0.850000,0.183712,0.875000,0.875000,1.000000,0.500000,1.000000
160.25,0.850000,0.183712,0.875000,0.875000,1.000000,0.500000,1.000000
160.50,0.850000,0.183712,0.875000,0.875000,1.000000,0.500000,1.000000
160.75,0.850000,0.183712,0.875000,0.875000,1.000000,0.500000,1.000000
161.00,0.850000,0.183712,0.875000,0.875000,1.000000,0.500000,1.000000
161.25,0.850000,0.183712,0.875000,0.875000,1.000000,0.500000,1.000000
161.50,0.850000,0.183712,0.875000,0.875000,1.000000,0.500000,1.000000
161.75,0.850000,0.183712,0.875000,0.875000,1.000000,0.500000,1.000000
162.00,0.825000,0.187083,0.875000,0.750000,1.000000,0.500000,1.000000
162.25,0.825000,0.187083,0.875000,0.750000,1.000000,0.500000,1.000000
162.50,0.825000,0.187083,0.875000,0.750000,1.000000,0.500000,1.000000
162.75,0.800000,0.169558,0.875000,0.750000,0.875000,0.500000,1.000000
163.00,0.800000,0.169558,0.875000,0.750000,0.875000,0.500000,1.000000
163.25,0.800000,0.169558,0.875000,0.750000,0.875000,0.500000,1.000000
163.50,0.800000,0.169558,0.875000,0.750000,0.875000,0.500000,1.000000
163.75,0.800000,0.169558,0.875000,0.750000,0.875000,0.500000,1.000000
164.00,0.800000,0.169558,0.875000,0.750000,0.875000,0.500000,1.000000
164.25,0.800000,0.169558,0.875000,0.750000,0.875000,0.500000,1.000000
164.50,0.800000,0.169558,0.875000,0.750000,0.875000,0.500000,1.000000
164.75,0.800000,0.169558,0.875000,0.750000,0.875000,0.500000,1.000000
165.00,0.775000,0.215058,0.875000,0.750000,0.875000,0.375000,1.000000
165.25,0.800000,0.169558,0.875000,0.750000,0.875000,0.500000,1.000000
165.50,0.800000,0.169558,0.875000,0.750000,0.875000,0.500000,1.000000
165.75,0.800000,0.169558,0.875000,0.750000,0.875000,0.500000,1.000000
166.00,0.775000,0.215058,0.875000,0.750000,0.875000,0.375000,1.000000
166.25,0.775000,0.215058,0.875000,0.750000,0.875000,0.375000,1.000000
166.50,0.775000,0.215058,0.875000,0.750000,0.875000,0.375000,1.000000
166.75,0.775000,0.215058,0.875000,0.750000,0.875000,0.375000,1.000000
167.00,0.775000,0.215058,0.875000,0.750000,0.875000,0.375000,1.000000
167.25,0.750000,0.193649,0.875000,0.750000,0.875000,0.375000,0.875000
167.50,0.725000,0.183712,0.875000,0.750000,0.875000,0.375000,0.750000
167.75,0.725000,0.183712,0.875000,0.750000,0.875000,0.375000,0.750000
168.00,0.700000,0.169558,0.875000,0.750000,0.750000,0.375000,0.750000
168.25,0.700000,0.169558,0.875000,0.750000,0.750000,0.375000,0.750000
168.50,0.700000,0.169558,0.875000,0.750000,0.750000,0.375000,0.750000
168.75,0.700000,0.169558,0.875000,0.750000,0.750000,0.375000,0.750000
169.00,0.700000,0.169558,0.875000,0.750000,0.750000,0.375000,0.750000
169.25,0.700000,0.169558,0.875000,0.750000,0.750000,0.375000,0.750000
169.50,0.700000,0.169558,0.875000,0.750000,0.750000,0.375000,0.750000
169.75,0.700000,0.169558,0.875000,0.750000,0.750000,0.375000,0.750000
170.00,0.700000,0.169558,0.875000,0.750000,0.750000,0.375000,0.750000
170.25,0.675000,0.217945,0.875000,0.750000,0.750000,0.250000,0.750000
170.50,0.675000,0.217945,0.875000,0.750000,0.750000,0.250000,0.750000
170.75,0.675000,0.217945,0.875000,0.750000,0.750000,0.250000,0.750000
171.00,0.675000,0.217945,0.875000,0.750000,0.750000,0.250000,0.750000
171.25,0.675000,0.217945,0.875000,0.750000,0.750000,0.250000,0.750000
171.50,0.675000,0.217945,0.875000,0.750000,0.750000,0.250000,0.750000
171.75,0.700000,0.169558,0.875000,0.750000,0.750000,0.375000,0.750000
172.00,0.700000,0.169558,0.875000,0.750000,0.750000,0.375000,0.750000
172.25,0.675000,0.217945,0.875000,0.750000,0.750000,0.250000,0.750000
172.50,0.675000,0.217945,0.875000,0.750000,0.750000,0.250000,0.750000
172.75,0.675000,0.217945,0.875000,0.750000,0.750000,0.250000,0.750000
173.00,0.675000,0.217945,0.875000,0.750000,0.750000,0.250000,0.750000
173.25,0.675000,0.217945,0.875000,0.750000,0.750000,0.250000,0.750000
173.50,0.675000,0.217945,0.875000,0.750000,0.750000,0.250000,0.750000
173.75,0.675000,0.217945,0.875000,0.750000,0.750000,0.250000,0.750000
174.00,0.675000,0.217945,0.875000,0.750000,0.750000,0.250000,0.750000
174.25,0.675000,0.217945,0.875000,0.750000,0.750000,0.250000,0.750000
174.50,0.675000,0.217945,0.875000,0.750000,0.750000,0.250000,0.750000
174.75,0.675000,0.217945,0.875000,0.750000,0.750000,0.250000,0.750000
175.00,0.675000,0.217945,0.875000,0.750000,0.750000,0.250000,0.750000
175.25,0.675000,0.217945,0.875000,0.750000,0.750000,0.250000,0.750000
175.50,0.675000,0.217945,0.875000,0.750000,0.750000,0.250000,0.750000
175.75,0.675000,0.217945,0.875000,0.750000,0.750000,0.250000,0.750000
176.00,0.675000,0.217945,0.875000,0.750000,0.750000,0.250000,0.750000
176.25,0.675000,0.217945,0.875000,0.750000,0.750000,0.250000,0.750000
176.50,0.675000,0.217945,0.875000,0.750000,0.750000,0.250000,0.750000
176.75,0.675000,0.217945,0.875000,0.750000,0.750000,0.250000,0.750000
177.00,0.675000,0.217945,0.875000,0.750000,0.750000,0.250000,0.750000
177.25,0.675000,0.217945,0.875000,0.750000,0.750000,0.250000,0.750000
177.50,0.675000,0.217945,0.875000,0.750000,0.750000,0.250000,0.750000
177.75,0.675000,0.217945,0.875000,0.750000,0.750000,0.250000,0.750000
178.00,0.675000,0.217945,0.875000,0.750000,0.750000,0.250000,0.750000
178.25,0.675000,0.217945,0.875000,0.750000,0.750000,0.250000,0.750000
178.50,0.675000,0.217945,0.875000,0.750000,0.750000,0.250000,0.750000
178.75,0.675000,0.217945,0.875000,0.750000,0.750000,0.250000,0.750000
179.00,0.675000,0.217945,0.875000,0.750000,0.750000,0.250000,0.750000
179.25,0.675000,0.217945,0.875000,0.750000,0.750000,0.250000,0.750000
179.50,0.675000,0.217945,0.875000,0.750000,0.750000,0.250000,0.750000
179.75,0.675000,0.217945,0.875000,0.750000,0.750000,0.250000,0.750000
180.00,0.675000,0.217945,0.875000,0.750000,0.750000,0.250000,0.750000
180.25,0.675000,0.217945,0.875000,0.750000,0.750000,0.250000,0.750000
180.50,0.675000,0.217945,0.875000,0.750000,0.750000,0.250000,0.750000
180.75,0.675000,0.217945,0.875000,0.750000,0.750000,0.250000,0.750000
181.00,0.675000,0.217945,0.875000,0.750000,0.750000,0.250000,0.750000
181.25,0.675000,0.217945,0.875000,0.750000,0.750000,0.250000,0.750000
181.50,0.675000,0.217945,0.875000,0.750000,0.750000,0.250000,0.750000
181.75,0.675000,0.217945,0.875000,0.750000,0.750000,0.250000,0.750000
182.00,0.675000,0.217945,0.875000,0.750000,0.750000,0.250000,0.750000
182.25,0.675000,0.217945,0.875000,0.750000,0.750000,0.250000,0.750000
182.50,0.675000,0.217945,0.875000,0.750000,0.750000,0.250000,0.750000
182.75,0.675000,0.217945,0.875000,0.750000,0.750000,0.250000,0.750000
183.00,0.675000,0.217945,0.875000,0.750000,0.750000,0.250000,0.750000
183.25,0.675000,0.217945,0.875000,0.750000,0.750000,0.250000,0.750000
183.50,0.675000,0.217945,0.875000,0.750000,0.750000,0.250000,0.750000
183.75,0.675000,0.217945,0.875000,0.750000,0.750000,0.250000,0.750000
184.00,0.675000,0.217945,0.875000,0.750000,0.750000,0.250000,0.750000
184.25,0.675000,0.217945,0.875000,0.750000,0.750000,0.250000,0.750000
184.50,0.675000,0.217945,0.875000,0.750000,0.750000,0.250000,0.750000
184.75,0.675000,0.217945,0.875000,0.750000,0.750000,0.250000,0.750000
185.00,0.675000,0.217945,0.875000,0.750000,0.750000,0.250000,0.750000
185.25,0.675000,0.217945,0.875000,0.750000,0.750000,0.250000,0.750000
185.50,0.675000,0.217945,0.875000,0.750000,0.750000,0.250000,0.750000
185.75,0.675000,0.217945,0.875000,0.750000,0.750000,0.250000,0.750000
186.00,0.675000,0.217945,0.875000,0.750000,0.750000,0.250000,0.750000
186.25,0.675000,0.217945,0.875000,0.750000,0.750000,0.250000,0.750000
186.50,0.675000,0.217945,0.875000,0.750000,0.750000,0.250000,0.750000
186.75,0.675000,0.217945,0.875000,0.750000,0.750000,0.250000,0.750000
187.00,0.675000,0.217945,0.875000,0.750000,0.750000,0.250000,0.750000
187.25,0.675000,0.217945,0.875000,0.750000,0.750000,0.250000,0.750000
187.50,0.675000,0.217945,0.875000,0.750000,0.750000,0.250000,0.750000
187.75,0.675000,0.217945,0.875000,0.750000,0.750000,0.250000,0.750000
188.00,0.675000,0.217945,0.875000,0.750000,0.750000,0.250000,0.750000
188.25,0.675000,0.217945,0.875000,0.750000,0.750000,0.250000,0.750000
188.50,0.675000,0.217945,0.875000,0.750000,0.750000,0.250000,0.750000
188.75,0.675000,0.217945,0.875000,0.750000,0.750000,0.250000,0.750000
189.00,0.675000,0.217945,0.875000,0.750000,0.750000,0.250000,0.750000
189.25,0.675000,0.217945,0.875000,0.750000,0.750000,0.250000,0.750000
189.50,0.675000,0.217945,0.875000,0.750000,0.750000,0.250000,0.750000
189.75,0.675000,0.217945,0.875000,0.750000,0.750000,0.250000,0.750000
190.00,0.675000,0.217945,0.875000,0.750000,0.750000,0.250000,0.750000
190.25,0.675000,0.217945,0.875000,0.750000,0.750000,0.250000,0.750000
190.50,0.675000,0.217945,0.875000,0.750000,0.750000,0.250000,0.750000
190.75,0.675000,0.217945,0.875000,0.750000,0.750000,0.250000,0.750000
191.00,0.700000,0.231840,0.875000,0.875000,0.750000,0.250000,0.750000
191.25,0.700000,0.231840,0.875000,0.875000,0.750000,0.250000,0.750000
191.50,0.700000,0.231840,0.875000,0.875000,0.750000,0.250000,0.750000
191.75,0.700000,0.231840,0.875000,0.875000,0.750000,0.250000,0.750000
192.00,0.700000,0.231840,0.875000,0.875000,0.750000,0.250000,0.750000
192.25,0.700000,0.231840,0.875000,0.875000,0.750000,0.250000,0.750000
192.50,0.700000,0.231840,0.875000,0.875000,0.750000,0.250000,0.750000
192.75,0.700000,0.231840,0.875000,0.875000,0.750000,0.250000,0.750000
193.00,0.700000,0.231840,0.875000,0.875000,0.750000,0.250000,0.750000
193.25,0.700000,0.231840,0.875000,0.875000,0.750000,0.250000,0.750000
193.50,0.700000,0.231840,0.875000,0.875000,0.750000,0.250000,0.750000
193.75,0.700000,0.231840,0.875000,0.875000,0.750000,0.250000,0.750000
194.00,0.700000,0.231840,0.875000,0.875000,0.750000,0.250000,0.750000
194.25,0.675000,0.280624,0.875000,0.875000,0.750000,0.125000,0.750000
194.50,0.675000,0.280624,0.875000,0.875000,0.750000,0.125000,0.750000
194.75,0.675000,0.280624,0.875000,0.875000,0.750000,0.125000,0.750000
195.00,0.675000,0.280624,0.875000,0.875000,0.750000,0.125000,0.750000
195.25,0.675000,0.280624,0.875000,0.875000,0.750000,0.125000,0.750000
195.50,0.675000,0.280624,0.875000,0.875000,0.750000,0.125000,0.750000
195.75,0.675000,0.280624,0.875000,0.875000,0.750000,0.125000,0.750000
196.00,0.675000,0.280624,0.875000,0.875000,0.750000,0.125000,0.750000
196.25,0.675000,0.280624,0.875000,0.875000,0.750000,0.125000,0.750000
196.50,0.675000,0.280624,0.875000,0.875000,0.750000,0.125000,0.750000
196.75,0.675000,0.280624,0.875000,0.875000,0.750000,0.125000,0.750000
197.00,0.675000,0.280624,0.875000,0.875000,0.750000,0.125000,0.750000
197.25,0.675000,0.280624,0.875000,0.875000,0.750000,0.125000,0.750000
197.50,0.675000,0.280624,0.875000,0.875000,0.750000,0.125000,0.750000
197.75,0.675000,0.280624,0.875000,0.875000,0.750000,0.125000,0.750000
198.00,0.675000,0.280624,0.875000,0.875000,0.750000,0.125000,0.750000
198.25,0.675000,0.280624,0.875000,0.875000,0.750000,0.125000,0.750000
198.50,0.675000,0.280624,0.875000,0.875000,0.750000,0.125000,0.750000
198.75,0.675000,0.280624,0.875000,0.875000,0.750000,0.125000,0.750000
199.00,0.675000,0.280624,0.875000,0.875000,0.750000,0.125000,0.750000
199.25,0.675000,0.280624,0.875000,0.875000,0.750000,0.125000,0.750000
199.50,0.675000,0.280624,0.875000,0.875000,0.750000,0.125000,0.750000
199.75,0.675000,0.280624,0.875000,0.875000,0.750000,0.125000,0.750000
200.00,0.675000,0.280624,0.875000,0.875000,0.750000,0.125000,0.750000
200.25,0.675000,0.280624,0.875000,0.875000,0.750000,0.125000,0.750000
200.50,0.675000,0.280624,0.875000,0.875000,0.750000,0.125000,0.750000
200.75,0.675000,0.280624,0.875000,0.875000,0.750000,0.125000,0.750000
201.00,0.675000,0.280624,0.875000,0.875000,0.750000,0.125000,0.750000
201.25,0.675000,0.280624,0.875000,0.875000,0.750000,0.125000,0.750000
201.50,0.675000,0.280624,0.875000,0.875000,0.750000,0.125000,0.750000
201.75,0.675000,0.280624,0.875000,0.875000,0.750000,0.125000,0.750000
202.00,0.675000,0.280624,0.875000,0.875000,0.750000,0.125000,0.750000
202.25,0.675000,0.280624,0.875000,0.875000,0.750000,0.125000,0.750000
202.50,0.675000,0.280624,0.875000,0.875000,0.750000,0.125000,0.750000
202.75,0.675000,0.280624,0.875000,0.875000,0.750000,0.125000,0.750000
203.00,0.675000,0.280624,0.875000,0.875000,0.750000,0.125000,0.750000
203.25,0.675000,0.280624,0.875000,0.875000,0.750000,0.125000,0.750000
203.50,0.675000,0.280624,0.875000,0.875000,0.750000,0.125000,0.750000
203.75,0.675000,0.280624,0.875000,0.875000,0.750000,0.125000,0.750000
204.00,0.675000,0.280624,0.875000,0.875000,0.750000,0.125000,0.750000
204.25,0.675000,0.280624,0.875000,0.875000,0.750000,0.125000,0.750000
204.50,0.675000,0.280624,0.875000,0.875000,0.750000,0.125000,0.750000
204.75,0.675000,0.280624,0.875000,0.875000,0.750000,0.125000,0.750000
205.00,0.675000,0.280624,0.875000,0.875000,0.750000,0.125000,0.750000
205.25,0.675000,0.280624,0.875000,0.875000,0.750000,0.125000,0.750000
205.50,0.675000,0.280624,0.875000,0.875000,0.750000,0.125000,0.750000
205.75,0.675000,0.280624,0.875000,0.875000,0.750000,0.125000,0.750000
206.00,0.675000,0.280624,0.875000,0.875000,0.750000,0.125000,0.750000
206.25,0.675000,0.280624,0.875000,0.875000,0.750000,0.125000,0.750000
206.50,0.675000,0.280624,0.875000,0.875000,0.750000,0.125000,0.750000
206.75,0.675000,0.280624,0.875000,0.875000,0.750000,0.125000,0.750000
207.00,0.675000,0.280624,0.875000,0.875000,0.750000,0.125000,0.750000
207.25,0.675000,0.280624,0.875000,0.875000,0.750000,0.125000,0.750000
207.50,0.675000,0.280624,0.875000,0.875000,0.750000,0.125000,0.750000
207.75,0.675000,0.280624,0.875000,0.875000,0.750000,0.125000,0.750000
208.00,0.675000,0.280624,0.875000,0.875000,0.750000,0.125000,0.750000
208.25,0.675000,0.280624,0.875000,0.875000,0.750000,0.125000,0.750000
208.50,0.675000,0.280624,0.875000,0.875000,0.750000,0.125000,0.750000
208.75,0.675000,0.280624,0.875000,0.875000,0.750000,0.125000,0.750000
209.00,0.675000,0.280624,0.875000,0.875000,0.750000,0.125000,0.750000
209.25,0.675000,0.280624,0.875000,0.875000,0.750000,0.125000,0.750000
209.50,0.675000,0.280624,0.875000,0.875000,0.750000,0.125000,0.750000
209.75,0.675000,0.280624,0.875000,0.875000,0.750000,0.125000,0.750000
210.00,0.675000,0.280624,0.875000,0.875000,0.750000,0.125000,0.750000
210.25,0.675000,0.280624,0.875000,0.875000,0.750000,0.125000,0.750000
210.50,0.675000,0.280624,0.875000,0.875000,0.750000,0.125000,0.750000
210.75,0.675000,0.280624,0.875000,0.875000,0.750000,0.125000,0.750000
211.00,0.675000,0.280624,0.875000,0.875000,0.750000,0.125000,0.750000
211.25,0.675000,0.280624,0.875000,0.875000,0.750000,0.125000,0.750000
211.50,0.675000,0.280624,0.875000,0.875000,0.750000,0.125000,0.750000
211.75,0.675000,0.280624,0.875000,0.875000,0.750000,0.125000,0.750000
212.00,0.675000,0.280624,0.875000,0.875000,0.750000,0.125000,0.750000
212.25,0.675000,0.280624,0.875000,0.875000,0.750000,0.125000,0.750000
212.50,0.675000,0.280624,0.875000,0.875000,0.750000,0.125000,0.750000
212.75,0.675000,0.280624,0.875000,0.875000,0.750000,0.125000,0.750000
213.00,0.675000,0.280624,0.875000,0.875000,0.750000,0.125000,0.750000
213.25,0.675000,0.280624,0.875000,0.875000,0.750000,0.125000,0.750000
213.50,0.675000,0.280624,0.875000,0.875000,0.750000,0.125000,0.750000
213.75,0.675000,0.280624,0.875000,0.875000,0.750000,0.125000,0.750000
214.00,0.675000,0.280624,0.875000,0.875000,0.750000,0.125000,0.750000
214.25,0.675000,0.280624,0.875000,0.875000,0.750000,0.125000,0.750000
214.50,0.675000,0.280624,0.875000,0.875000,0.750000,0.125000,0.750000
214.75,0.675000,0.280624,0.875000,0.875000,0.750000,0.125000,0.750000
215.00,0.675000,0.280624,0.875000,0.875000,0.750000,0.125000,0.750000
215.25,0.675000,0.280624,0.875000,0.875000,0.750000,0.125000,0.750000
215.50,0.675000,0.280624,0.875000,0.875000,0.750000,0.125000,0.750000
215.75,0.675000,0.280624,0.875000,0.875000,0.750000,0.125000,0.750000
216.00,0.675000,0.280624,0.875000,0.875000,0.750000,0.125000,0.750000
216.25,0.675000,0.280624,0.875000,0.875000,0.750000,0.125000,0.750000
216.50,0.675000,0.280624,0.875000,0.875000,0.750000,0.125000,0.750000
216.75,0.675000,0.280624,0.875000,0.875000,0.750000,0.125000,0.750000
217.00,0.675000,0.280624,0.875000,0.875000,0.750000,0.125000,0.750000
217.25,0.675000,0.280624,0.875000,0.875000,0.750000,0.125000,0.750000
217.50,0.675000,0.280624,0.875000,0.875000,0.750000,0.125000,0.750000
217.75,0.675000,0.280624,0.875000,0.875000,0.750000,0.125000,0.750000
218.00,0.675000,0.280624,0.875000,0.875000,0.750000,0.125000,0.750000
218.25,0.675000,0.280624,0.875000,0.875000,0.750000,0.125000,0.750000
218.50,0.675000,0.280624,0.875000,0.875000,0.750000,0.125000,0.750000
218.75,0.675000,0.280624,0.875000,0.875000,0.750000,0.125000,0.750000
219.00,0.675000,0.280624,0.875000,0.875000,0.750000,0.125000,0.750000
219.25,0.675000,0.280624,0.875000,0.875000,0.750000,0.125000,0.750000
219.50,0.675000,0.280624,0.875000,0.875000,0.750000,0.125000,0.750000
219.75,0.675000,0.280624,0.875000,0.875000,0.750000,0.125000,0.750000
220.00,0.675000,0.280624,0.875000,0.875000,0.750000,0.125000,0.750000
220.25,0.675000,0.280624,0.875000,0.875000,0.750000,0.125000,0.750000
220.50,0.675000,0.280624,0.875000,0.875000,0.750000,0.125000,0.750000
220.75,0.675000,0.280624,0.875000,0.875000,0.750000,0.125000,0.750000
221.00,0.675000,0.280624,0.875000,0.875000,0.750000,0.125000,0.750000
221.25,0.675000,0.280624,0.875000,0.875000,0.750000,0.125000,0.750000
221.50,0.675000,0.280624,0.875000,0.875000,0.750000,0.125000,0.750000
221.75,0.675000,0.280624,0.875000,0.875000,0.750000,0.125000,0.750000
222.00,0.675000,0.280624,0.875000,0.875000,0.750000,0.125000,0.750000
222.25,0.675000,0.280624,0.875000,0.875000,0.750000,0.125000,0.750000
222.50,0.675000,0.280624,0.875000,0.875000,0.750000,0.125000,0.750000
222.75,0.675000,0.280624,0.875000,0.875000,0.750000,0.125000,0.750000
223.00,0.675000,0.280624,0.875000,0.875000,0.750000,0.125000,0.750000
223.25,0.675000,0.280624,0.875000,0.875000,0.750000,0.125000,0.750000
223.50,0.675000,0.280624,0.875000,0.875000,0.750000,0.125000,0.750000
223.75,0.675000,0.280624,0.875000,0.875000,0.750000,0.125000,0.750000
224.00,0.675000,0.280624,0.875000,0.875000,0.750000,0.125000,0.750000
224.25,0.675000,0.280624,0.875000,0.875000,0.750000,0.125000,0.750000
224.50,0.675000,0.280624,0.875000,0.875000,0.750000,0.125000,0.750000
224.75,0.675000,0.280624,0.875000,0.875000,0.750000,0.125000,0.750000
225.00,0.675000,0.280624,0.875000,0.875000,0.750000,0.125000,0.750000
225.25,0.675000,0.280624,0.875000,0.875000,0.750000,0.125000,0.750000
225.50,0.675000,0.280624,0.875000,0.875000,0.750000,0.125000,0.750000
225.75,0.675000,0.280624,0.875000,0.875000,0.750000,0.125000,0.750000
226.00,0.675000,0.280624,0.875000,0.875000,0.750000,0.125000,0.750000
226.25,0.675000,0.280624,0.875000,0.875000,0.750000,0.125000,0.750000
226.50,0.675000,0.280624,0.875000,0.875000,0.750000,0.125000,0.750000
226.75,0.675000,0.280624,0.875000,0.875000,0.750000,0.125000,0.750000
227.00,0.675000,0.280624,0.875000,0.875000,0.750000,0.125000,0.750000
227.25,0.675000,0.280624,0.875000,0.875000,0.750000,0.125000,0.750000
227.50,0.675000,0.280624,0.875000,0.875000,0.750000,0.125000,0.750000
227.75,0.675000,0.280624,0.875000,0.875000,0.750000,0.125000,0.750000
228.00,0.675000,0.280624,0.875000,0.875000,0.750000,0.125000,0.750000
228.25,0.675000,0.280624,0.875000,0.875000,0.750000,0.125000,0.750000
228.50,0.675000,0.280624,0.875000,0.875000,0.750000,0.125000,0.750000
228.75,0.675000,0.280624,0.875000,0.875000,0.750000,0.125000,0.750000
229.00,0.675000,0.280624,0.875000,0.875000,0.750000,0.125000,0.750000
229.25,0.675000,0.280624,0.875000,0.875000,0.750000,0.125000,0.750000
229.50,0.675000,0.280624,0.875000,0.875000,0.750000,0.125000,0.750000
229.75,0.675000,0.280624,0.875000,0.875000,0.750000,0.125000,0.750000
230.00,0.675000,0.280624,0.875000,0.875000,0.750000,0.125000,0.750000
230.25,0.675000,0.280624,0.875000,0.875000,0.750000,0.125000,0.750000
230.50,0.675000,0.280624,0.875000,0.875000,0.750000,0.125000,0.750000
230.75,0.675000,0.280624,0.875000,0.875000,0.750000,0.125000,0.750000
231.00,0.675000,0.280624,0.875000,0.875000,0.750000,0.125000,0.750000
231.25,0.675000,0.280624,0.875000,0.875000,0.750000,0.125000,0.750000
231.50,0.675000,0.280624,0.875000,0.875000,0.750000,0.125000,0.750000
231.75,0.675000,0.280624,0.875000,0.875000,0.750000,0.125000,0.750000
232.00,0.675000,0.280624,0.875000,0.875000,0.750000,0.125000,0.750000
232.25,0.675000,0.280624,0.875000,0.875000,0.750000,0.125000,0.750000
232.50,0.675000,0.280624,0.875000,0.875000,0.750000,0.125000,0.750000
232.75,0.675000,0.280624,0.875000,0.875000,0.750000,0.125000,0.750000
233.00,0.675000,0.280624,0.875000,0.875000,0.750000,0.125000,0.750000
233.25,0.675000,0.280624,0.875000,0.875000,0.750000,0.125000,0.750000
233.50,0.675000,0.280624,0.875000,0.875000,0.750000,0.125000,0.750000
233.75,0.675000,0.280624,0.875000,0.875000,0.750000,0.125000,0.750000
234.00,0.675000,0.280624,0.875000,0.875000,0.750000,0.125000,0.750000
234.25,0.675000,0.280624,0.875000,0.875000,0.750000,0.125000,0.750000
234.50,0.675000,0.280624,0.875000,0.875000,0.750000,0.125000,0.750000
234.75,0.675000,0.280624,0.875000,0.875000,0.750000,0.125000,0.750000
235.00,0.700000,0.231840,0.875000,0.875000,0.750000,0.250000,0.750000
235.25,0.700000,0.231840,0.875000,0.875000,0.750000,0.250000,0.750000
235.50,0.700000,0.231840,0.875000,0.875000,0.750000,0.250000,0.750000
235.75,0.700000,0.231840,0.875000,0.875000,0.750000,0.250000,0.750000
236.00,0.700000,0.231840,0.875000,0.875000,0.750000,0.250000,0.750000
236.25,0.700000,0.231840,0.875000,0.875000,0.750000,0.250000,0.750000
236.50,0.700000,0.231840,0.875000,0.875000,0.750000,0.250000,0.750000
236.75,0.700000,0.231840,0.875000,0.875000,0.750000,0.250000,0.750000
237.00,0.725000,0.242384,0.875000,0.875000,0.750000,0.250000,0.875000
237.25,0.725000,0.242384,0.875000,0.875000,0.750000,0.250000,0.875000
237.50,0.725000,0.242384,0.875000,0.875000,0.750000,0.250000,0.875000
237.75,0.725000,0.242384,0.875000,0.875000,0.750000,0.250000,0.875000
238.00,0.725000,0.242384,0.875000,0.875000,0.750000,0.250000,0.875000
238.25,0.725000,0.242384,0.875000,0.875000,0.750000,0.250000,0.875000
238.50,0.725000,0.242384,0.875000,0.875000,0.750000,0.250000,0.875000
238.75,0.725000,0.242384,0.875000,0.875000,0.750000,0.250000,0.875000
239.00,0.725000,0.242384,0.875000,0.875000,0.750000,0.250000,0.875000
239.25,0.725000,0.242384,0.875000,0.875000,0.750000,0.250000,0.875000
239.50,0.725000,0.242384,0.875000,0.875000,0.750000,0.250000,0.875000
239.75,0.725000,0.242384,0.875000,0.875000,0.750000,0.250000,0.875000
240.00,0.725000,0.242384,0.875000,0.875000,0.750000,0.250000,0.875000
240.25,0.725000,0.242384,0.875000,0.875000,0.750000,0.250000,0.875000
240.50,0.725000,0.242384,0.875000,0.875000,0.750000,0.250000,0.875000
240.75,0.725000,0.242384,0.875000,0.875000,0.750000,0.250000,0.875000
241.00,0.725000,0.242384,0.875000,0.875000,0.750000,0.250000,0.875000
241.25,0.725000,0.242384,0.875000,0.875000,0.750000,0.250000,0.875000
241.50,0.725000,0.242384,0.875000,0.875000,0.750000,0.250000,0.875000
241.75,0.725000,0.242384,0.875000,0.875000,0.750000,0.250000,0.875000
242.00,0.725000,0.242384,0.875000,0.875000,0.750000,0.250000,0.875000
242.25,0.725000,0.242384,0.875000,0.875000,0.750000,0.250000,0.875000
242.50,0.725000,0.242384,0.875000,0.875000,0.750000,0.250000,0.875000
242.75,0.725000,0.242384,0.875000,0.875000,0.750000,0.250000,0.875000
243.00,0.725000,0.242384,0.875000,0.875000,0.750000,0.250000,0.875000
243.25,0.725000,0.242384,0.875000,0.875000,0.750000,0.250000,0.875000
243.50,0.725000,0.242384,0.875000,0.875000,0.750000,0.250000,0.875000
243.75,0.725000,0.242384,0.875000,0.875000,0.750000,0.250000,0.875000
244.00,0.725000,0.242384,0.875000,0.875000,0.750000,0.250000,0.875000
244.25,0.700000,0.231840,0.750000,0.875000,0.750000,0.250000,0.875000
244.50,0.700000,0.231840,0.750000,0.875000,0.750000,0.250000,0.875000
244.75,0.700000,0.231840,0.750000,0.875000,0.750000,0.250000,0.875000
245.00,0.700000,0.231840,0.750000,0.875000,0.750000,0.250000,0.875000
245.25,0.700000,0.231840,0.750000,0.875000,0.750000,0.250000,0.875000
245.50,0.700000,0.231840,0.750000,0.875000,0.750000,0.250000,0.875000
245.75,0.700000,0.231840,0.750000,0.875000,0.750000,0.250000,0.875000
246.00,0.700000,0.231840,0.750000,0.875000,0.750000,0.250000,0.875000
246.25,0.700000,0.231840,0.750000,0.875000,0.750000,0.250000,0.875000
246.50,0.700000,0.231840,0.750000,0.875000,0.750000,0.250000,0.875000
246.75,0.700000,0.231840,0.750000,0.875000,0.750000,0.250000,0.875000
247.00,0.700000,0.231840,0.750000,0.875000,0.750000,0.250000,0.875000
247.25,0.700000,0.231840,0.750000,0.875000,0.750000,0.250000,0.875000
247.50,0.700000,0.231840,0.750000,0.875000,0.750000,0.250000,0.875000
247.75,0.700000,0.231840,0.750000,0.875000,0.750000,0.250000,0.875000
248.00,0.700000,0.231840,0.750000,0.875000,0.750000,0.250000,0.875000
248.25,0.700000,0.231840,0.750000,0.875000,0.750000,0.250000,0.875000
248.50,0.700000,0.231840,0.750000,0.875000,0.750000,0.250000,0.875000
248.75,0.700000,0.231840,0.750000,0.875000,0.750000,0.250000,0.875000
249.00,0.700000,0.231840,0.750000,0.875000,0.750000,0.250000,0.875000
249.25,0.700000,0.231840,0.750000,0.875000,0.750000,0.250000,0.875000
249.50,0.700000,0.231840,0.750000,0.875000,0.750000,0.250000,0.875000
249.75,0.700000,0.231840,0.750000,0.875000,0.750000,0.250000,0.875000
250.00,0.700000,0.231840,0.750000,0.875000,0.750000,0.250000,0.875000
250.25,0.700000,0.231840,0.750000,0.875000,0.750000,0.250000,0.875000
250.50,0.700000,0.231840,0.750000,0.875000,0.750000,0.250000,0.875000
250.75,0.700000,0.231840,0.750000,0.875000,0.750000,0.250000,0.875000
251.00,0.700000,0.231840,0.750000,0.875000,0.750000,0.250000,0.875000
251.25,0.700000,0.231840,0.750000,0.875000,0.750000,0.250000,0.875000
251.50,0.700000,0.231840,0.750000,0.875000,0.750000,0.250000,0.875000
251.75,0.700000,0.231840,0.750000,0.875000,0.750000,0.250000,0.875000
252.00,0.700000,0.231840,0.750000,0.875000,0.750000,0.250000,0.875000
252.25,0.700000,0.231840,0.750000,0.875000,0.750000,0.250000,0.875000
252.50,0.700000,0.231840,0.750000,0.875000,0.750000,0.250000,0.875000
252.75,0.700000,0.231840,0.750000,0.875000,0.750000,0.250000,0.875000
253.00,0.700000,0.231840,0.750000,0.875000,0.750000,0.250000,0.875000
253.25,0.700000,0.231840,0.750000,0.875000,0.750000,0.250000,0.875000
253.50,0.700000,0.231840,0.750000,0.875000,0.750000,0.250000,0.875000
253.75,0.700000,0.231840,0.750000,0.875000,0.750000,0.250000,0.875000
254.00,0.700000,0.231840,0.750000,0.875000,0.750000,0.250000,0.875000
254.25,0.700000,0.231840,0.750000,0.875000,0.750000,0.250000,0.875000
254.50,0.700000,0.231840,0.750000,0.875000,0.750000,0.250000,0.875000
254.75,0.700000,0.231840,0.750000,0.875000,0.750000,0.250000,0.875000
255.00,0.700000,0.231840,0.750000,0.875000,0.750000,0.250000,0.875000
255.25,0.700000,0.231840,0.750000,0.875000,0.750000,0.250000,0.875000
255.50,0.700000,0.231840,0.750000,0.875000,0.750000,0.250000,0.875000
255.75,0.700000,0.231840,0.750000,0.875000,0.750000,0.250000,0.875000
256.00,0.700000,0.231840,0.750000,0.875000,0.750000,0.250000,0.875000
256.25,0.700000,0.231840,0.750000,0.875000,0.750000,0.250000,0.875000
256.50,0.700000,0.231840,0.750000,0.875000,0.750000,0.250000,0.875000
256.75,0.700000,0.231840,0.750000,0.875000,0.750000,0.250000,0.875000
257.00,0.700000,0.231840,0.750000,0.875000,0.750000,0.250000,0.875000
257.25,0.700000,0.231840,0.750000,0.875000,0.750000,0.250000,0.875000
257.50,0.700000,0.231840,0.750000,0.875000,0.750000,0.250000,0.875000
257.75,0.700000,0.231840,0.750000,0.875000,0.750000,0.250000,0.875000
258.00,0.700000,0.231840,0.750000,0.875000,0.750000,0.250000,0.875000
258.25,0.700000,0.231840,0.750000,0.875000,0.750000,0.250000,0.875000
258.50,0.700000,0.231840,0.750000,0.875000,0.750000,0.250000,0.875000
258.75,0.700000,0.231840,0.750000,0.875000,0.750000,0.250000,0.875000
259.00,0.700000,0.231840,0.750000,0.875000,0.750000,0.250000,0.875000
259.25,0.700000,0.231840,0.750000,0.875000,0.750000,0.250000,0.875000
259.50,0.700000,0.231840,0.750000,0.875000,0.750000,0.250000,0.875000
259.75,0.700000,0.231840,0.750000,0.875000,0.750000,0.250000,0.875000
260.00,0.700000,0.231840,0.750000,0.875000,0.750000,0.250000,0.875000
260.25,0.700000,0.231840,0.750000,0.875000,0.750000,0.250000,0.875000
260.50,0.700000,0.231840,0.750000,0.875000,0.750000,0.250000,0.875000
260.75,0.700000,0.231840,0.750000,0.875000,0.750000,0.250000,0.875000
261.00,0.700000,0.231840,0.750000,0.875000,0.750000,0.250000,0.875000
261.25,0.700000,0.231840,0.750000,0.875000,0.750000,0.250000,0.875000
261.50,0.700000,0.231840,0.750000,0.875000,0.750000,0.250000,0.875000
261.75,0.700000,0.231840,0.750000,0.875000,0.750000,0.250000,0.875000
262.00,0.700000,0.231840,0.750000,0.875000,0.750000,0.250000,0.875000
262.25,0.700000,0.231840,0.750000,0.875000,0.750000,0.250000,0.875000
262.50,0.675000,0.231840,0.625000,0.875000,0.750000,0.250000,0.875000
262.75,0.675000,0.231840,0.625000,0.875000,0.750000,0.250000,0.875000
263.00,0.675000,0.231840,0.625000,0.875000,0.750000,0.250000,0.875000
263.25,0.675000,0.231840,0.625000,0.875000,0.750000,0.250000,0.875000
263.50,0.675000,0.231840,0.625000,0.875000,0.750000,0.250000,0.875000
263.75,0.675000,0.231840,0.625000,0.875000,0.750000,0.250000,0.875000
264.00,0.675000,0.231840,0.625000,0.875000,0.750000,0.250000,0.875000
264.25,0.675000,0.231840,0.625000,0.875000,0.750000,0.250000,0.875000
264.50,0.675000,0.231840,0.625000,0.875000,0.750000,0.250000,0.875000
264.75,0.675000,0.231840,0.625000,0.875000,0.750000,0.250000,0.875000
265.00,0.675000,0.231840,0.625000,0.875000,0.750000,0.250000,0.875000
265.25,0.675000,0.231840,0.625000,0.875000,0.750000,0.250000,0.875000
265.50,0.675000,0.231840,0.625000,0.875000,0.750000,0.250000,0.875000
265.75,0.675000,0.231840,0.625000,0.875000,0.750000,0.250000,0.875000
266.00,0.675000,0.231840,0.625000,0.875000,0.750000,0.250000,0.875000
266.25,0.675000,0.231840,0.625000,0.875000,0.750000,0.250000,0.875000
266.50,0.675000,0.231840,0.625000,0.875000,0.750000,0.250000,0.875000
266.75,0.675000,0.231840,0.625000,0.875000,0.750000,0.250000,0.875000
267.00,0.675000,0.231840,0.625000,0.875000,0.750000,0.250000,0.875000
267.25,0.675000,0.231840,0.625000,0.875000,0.750000,0.250000,0.875000
267.50,0.675000,0.231840,0.625000,0.875000,0.750000,0.250000,0.875000
267.75,0.675000,0.231840,0.625000,0.875000,0.750000,0.250000,0.875000
268.00,0.675000,0.231840,0.625000,0.875000,0.750000,0.250000,0.875000
268.25,0.675000,0.231840,0.625000,0.875000,0.750000,0.250000,0.875000
268.50,0.675000,0.231840,0.625000,0.875000,0.750000,0.250000,0.875000
268.75,0.675000,0.231840,0.625000,0.875000,0.750000,0.250000,0.875000
269.00,0.675000,0.231840,0.625000,0.875000,0.750000,0.250000,0.875000
269.25,0.675000,0.231840,0.625000,0.875000,0.750000,0.250000,0.875000
269.50,0.675000,0.231840,0.625000,0.875000,0.750000,0.250000,0.875000
269.75,0.675000,0.231840,0.625000,0.875000,0.750000,0.250000,0.875000
270.00,0.675000,0.231840,0.625000,0.875000,0.750000,0.250000,0.875000
270.25,0.675000,0.231840,0.625000,0.875000,0.750000,0.250000,0.875000
270.50,0.675000,0.231840,0.625000,0.875000,0.750000,0.250000,0.875000
270.75,0.675000,0.231840,0.625000,0.875000,0.750000,0.250000,0.875000
271.00,0.675000,0.231840,0.625000,0.875000,0.750000,0.250000,0.875000
271.25,0.675000,0.231840,0.625000,0.875000,0.750000,0.250000,0.875000
271.50,0.675000,0.231840,0.625000,0.875000,0.750000,0.250000,0.875000
271.75,0.675000,0.231840,0.625000,0.875000,0.750000,0.250000,0.875000
272.00,0.675000,0.231840,0.625000,0.875000,0.750000,0.250000,0.875000
272.25,0.700000,0.257391,0.625000,0.875000,0.750000,0.250000,1.000000
272.50,0.700000,0.257391,0.625000,0.875000,0.750000,0.250000,1.000000
272.75,0.700000,0.257391,0.625000,0.875000,0.750000,0.250000,1.000000
273.00,0.700000,0.257391,0.625000,0.875000,0.750000,0.250000,1.000000
273.25,0.700000,0.257391,0.625000,0.875000,0.750000,0.250000,1.000000
273.50,0.700000,0.257391,0.625000,0.875000,0.750000,0.250000,1.000000
273.75,0.700000,0.257391,0.625000,0.875000,0.750000,0.250000,1.000000
274.00,0.700000,0.257391,0.625000,0.875000,0.750000,0.250000,1.000000
274.25,0.700000,0.257391,0.625000,0.875000,0.750000,0.250000,1.000000
274.50,0.700000,0.257391,0.625000,0.875000,0.750000,0.250000,1.000000
274.75,0.700000,0.257391,0.625000,0.875000,0.750000,0.250000,1.000000
275.00,0.700000,0.257391,0.625000,0.875000,0.750000,0.250000,1.000000
275.25,0.700000,0.257391,0.625000,0.875000,0.750000,0.250000,1.000000
275.50,0.700000,0.257391,0.625000,0.875000,0.750000,0.250000,1.000000
275.75,0.700000,0.257391,0.625000,0.875000,0.750000,0.250000,1.000000
276.00,0.700000,0.257391,0.625000,0.875000,0.750000,0.250000,1.000000
276.25,0.700000,0.257391,0.625000,0.875000,0.750000,0.250000,1.000000
276.50,0.700000,0.257391,0.625000,0.875000,0.750000,0.250000,1.000000
276.75,0.700000,0.257391,0.625000,0.875000,0.750000,0.250000,1.000000
277.00,0.700000,0.257391,0.625000,0.875000,0.750000,0.250000,1.000000
277.25,0.700000,0.257391,0.625000,0.875000,0.750000,0.250000,1.000000
277.50,0.700000,0.257391,0.625000,0.875000,0.750000,0.250000,1.000000
277.75,0.700000,0.257391,0.625000,0.875000,0.750000,0.250000,1.000000
278.00,0.700000,0.257391,0.625000,0.875000,0.750000,0.250000,1.000000
278.25,0.700000,0.257391,0.625000,0.875000,0.750000,0.250000,1.000000
278.50,0.700000,0.257391,0.625000,0.875000,0.750000,0.250000,1.000000
278.75,0.700000,0.257391,0.625000,0.875000,0.750000,0.250000,1.000000
279.00,0.700000,0.257391,0.625000,0.875000,0.750000,0.250000,1.000000
279.25,0.700000,0.257391,0.625000,0.875000,0.750000,0.250000,1.000000
279.50,0.700000,0.257391,0.625000,0.875000,0.750000,0.250000,1.000000
279.75,0.700000,0.257391,0.625000,0.875000,0.750000,0.250000,1.000000
280.00,0.700000,0.257391,0.625000,0.875000,0.750000,0.250000,1.000000
280.25,0.700000,0.257391,0.625000,0.875000,0.750000,0.250000,1.000000
280.50,0.700000,0.257391,0.625000,0.875000,0.750000,0.250000,1.000000
280.75,0.700000,0.257391,0.625000,0.875000,0.750000,0.250000,1.000000
281.00,0.700000,0.257391,0.625000,0.875000,0.750000,0.250000,1.000000
281.25,0.700000,0.257391,0.625000,0.875000,0.750000,0.250000,1.000000
281.50,0.700000,0.257391,0.625000,0.875000,0.750000,0.250000,1.000000
281.75,0.700000,0.257391,0.625000,0.875000,0.750000,0.250000,1.000000
282.00,0.700000,0.257391,0.625000,0.875000,0.750000,0.250000,1.000000
282.25,0.700000,0.257391,0.625000,0.875000,0.750000,0.250000,1.000000
282.50,0.700000,0.257391,0.625000,0.875000,0.750000,0.250000,1.000000
282.75,0.700000,0.257391,0.625000,0.875000,0.750000,0.250000,1.000000
283.00,0.700000,0.257391,0.625000,0.875000,0.750000,0.250000,1.000000
283.25,0.700000,0.257391,0.625000,0.875000,0.750000,0.250000,1.000000
283.50,0.700000,0.257391,0.625000,0.875000,0.750000,0.250000,1.000000
283.75,0.700000,0.257391,0.625000,0.875000,0.750000,0.250000,1.000000
284.00,0.700000,0.257391,0.625000,0.875000,0.750000,0.250000,1.000000
284.25,0.700000,0.257391,0.625000,0.875000,0.750000,0.250000,1.000000
284.50,0.700000,0.257391,0.625000,0.875000,0.750000,0.250000,1.000000
284.75,0.700000,0.257391,0.625000,0.875000,0.750000,0.250000,1.000000
285.00,0.700000,0.257391,0.625000,0.875000,0.750000,0.250000,1.000000
285.25,0.700000,0.257391,0.625000,0.875000,0.750000,0.250000,1.000000
285.50,0.700000,0.257391,0.625000,0.875000,0.750000,0.250000,1.000000
285.75,0.700000,0.257391,0.625000,0.875000,0.750000,0.250000,1.000000
286.00,0.700000,0.257391,0.625000,0.875000,0.750000,0.250000,1.000000
286.25,0.700000,0.257391,0.625000,0.875000,0.750000,0.250000,1.000000
286.50,0.700000,0.257391,0.625000,0.875000,0.750000,0.250000,1.000000
286.75,0.700000,0.257391,0.625000,0.875000,0.750000,0.250000,1.000000
287.00,0.675000,0.231840,0.625000,0.875000,0.750000,0.250000,0.875000
287.25,0.700000,0.257391,0.625000,0.875000,0.750000,0.250000,1.000000
287.50,0.700000,0.257391,0.625000,0.875000,0.750000,0.250000,1.000000
287.75,0.700000,0.257391,0.625000,0.875000,0.750000,0.250000,1.000000
288.00,0.700000,0.257391,0.625000,0.875000,0.750000,0.250000,1.000000
288.25,0.675000,0.231840,0.625000,0.875000,0.750000,0.250000,0.875000
288.50,0.675000,0.231840,0.625000,0.875000,0.750000,0.250000,0.875000
288.75,0.675000,0.231840,0.625000,0.875000,0.750000,0.250000,0.875000
289.00,0.675000,0.231840,0.625000,0.875000,0.750000,0.250000,0.875000
289.25,0.675000,0.231840,0.625000,0.875000,0.750000,0.250000,0.875000
289.50,0.675000,0.231840,0.625000,0.875000,0.750000,0.250000,0.875000
289.75,0.675000,0.231840,0.625000,0.875000,0.750000,0.250000,0.875000
290.00,0.675000,0.231840,0.625000,0.875000,0.750000,0.250000,0.875000
290.25,0.675000,0.231840,0.625000,0.875000,0.750000,0.250000,0.875000
290.50,0.675000,0.231840,0.625000,0.875000,0.750000,0.250000,0.875000
290.75,0.675000,0.231840,0.625000,0.875000,0.750000,0.250000,0.875000
291.00,0.700000,0.244949,0.625000,0.875000,0.875000,0.250000,0.875000
291.25,0.700000,0.244949,0.625000,0.875000,0.875000,0.250000,0.875000
291.50,0.700000,0.244949,0.625000,0.875000,0.875000,0.250000,0.875000
291.75,0.700000,0.244949,0.625000,0.875000,0.875000,0.250000,0.875000
292.00,0.700000,0.244949,0.625000,0.875000,0.875000,0.250000,0.875000
292.25,0.700000,0.244949,0.625000,0.875000,0.875000,0.250000,0.875000
292.50,0.700000,0.244949,0.625000,0.875000,0.875000,0.250000,0.875000
292.75,0.700000,0.244949,0.625000,0.875000,0.875000,0.250000,0.875000
293.00,0.700000,0.244949,0.625000,0.875000,0.875000,0.250000,0.875000
293.25,0.700000,0.244949,0.625000,0.875000,0.875000,0.250000,0.875000
293.50,0.700000,0.244949,0.625000,0.875000,0.875000,0.250000,0.875000
293.75,0.700000,0.244949,0.625000,0.875000,0.875000,0.250000,0.875000
294.00,0.700000,0.244949,0.625000,0.875000,0.875000,0.250000,0.875000
294.25,0.700000,0.244949,0.625000,0.875000,0.875000,0.250000,0.875000
294.50,0.700000,0.244949,0.625000,0.875000,0.875000,0.250000,0.875000
294.75,0.700000,0.244949,0.625000,0.875000,0.875000,0.250000,0.875000
295.00,0.700000,0.244949,0.625000,0.875000,0.875000,0.250000,0.875000
295.25,0.700000,0.244949,0.625000,0.875000,0.875000,0.250000,0.875000
295.50,0.700000,0.244949,0.625000,0.875000,0.875000,0.250000,0.875000
295.75,0.700000,0.244949,0.625000,0.875000,0.875000,0.250000,0.875000
296.00,0.700000,0.244949,0.625000,0.875000,0.875000,0.250000,0.875000
296.25,0.700000,0.244949,0.625000,0.875000,0.875000,0.250000,0.875000
296.50,0.700000,0.244949,0.625000,0.875000,0.875000,0.250000,0.875000
296.75,0.700000,0.244949,0.625000,0.875000,0.875000,0.250000,0.875000
297.00,0.700000,0.244949,0.625000,0.875000,0.875000,0.250000,0.875000
297.25,0.700000,0.244949,0.625000,0.875000,0.875000,0.250000,0.875000
297.50,0.700000,0.244949,0.625000,0.875000,0.875000,0.250000,0.875000
297.75,0.700000,0.244949,0.625000,0.875000,0.875000,0.250000,0.875000
298.00,0.700000,0.244949,0.625000,0.875000,0.875000,0.250000,0.875000
298.25,0.700000,0.244949,0.625000,0.875000,0.875000,0.250000,0.875000
298.50,0.700000,0.244949,0.625000,0.875000,0.875000,0.250000,0.875000
298.75,0.700000,0.244949,0.625000,0.875000,0.875000,0.250000,0.875000
299.00,0.700000,0.244949,0.625000,0.875000,0.875000,0.250000,0.875000
299.25,0.700000,0.244949,0.625000,0.875000,0.875000,0.250000,0.875000
299.50,0.700000,0.244949,0.625000,0.875000,0.875000,0.250000,0.875000
299.75,0.700000,0.244949,0.625000,0.875000,0.875000,0.250000,0.875000
300.00,0.675000,0.257391,0.500000,0.875000,0.875000,0.250000,0.875000
300.25,0.233333,0.133333,0.166667,0.166667,0.166667,0.500000,0.166667
300.50,0.233333,0.133333,0.166667,0.166667,0.166667,0.500000,0.166667
300.75,0.233333,0.133333,0.166667,0.166667,0.166667,0.500000,0.166667
301.00,0.233333,0.133333,0.166667,0.166667,0.166667,0.500000,0.166667
301.25,0.233333,0.133333,0.166667,0.166667,0.166667,0.500000,0.166667
301.50,0.233333,0.133333,0.166667,0.166667,0.166667,0.500000,0.166667
301.75,0.233333,0.133333,0.166667,0.166667,0.166667,0.500000,0.166667
302.00,0.233333,0.133333,0.166667,0.166667,0.166667,0.500000,0.166667
302.25,0.233333,0.133333,0.166667,0.166667,0.166667,0.500000,0.166667
302.50,0.233333,0.133333,0.166667,0.166667,0.166667,0.500000,0.166667
302.75,0.233333,0.133333,0.166667,0.166667,0.166667,0.500000,0.166667
303.00,0.233333,0.133333,0.166667,0.166667,0.166667,0.500000,0.166667
303.25,0.233333,0.133333,0.166667,0.166667,0.166667,0.500000,0.166667
303.50,0.233333,0.133333,0.166667,0.166667,0.166667,0.500000,0.166667
303.75,0.233333,0.133333,0.166667,0.166667,0.166667,0.500000,0.166667
304.00,0.233333,0.133333,0.166667,0.166667,0.166667,0.500000,0.166667
304.25,0.233333,0.133333,0.166667,0.166667,0.166667,0.500000,0.166667
304.50,0.233333,0.133333,0.166667,0.166667,0.166667,0.500000,0.166667
304.75,0.233333,0.133333,0.166667,0.166667,0.166667,0.500000,0.166667
305.00,0.233333,0.133333,0.166667,0.166667,0.166667,0.500000,0.166667
305.25,0.233333,0.133333,0.166667,0.166667,0.166667,0.500000,0.166667
305.50,0.233333,0.133333,0.166667,0.166667,0.166667,0.500000,0.166667
305.75,0.233333,0.133333,0.166667,0.166667,0.166667,0.500000,0.166667
306.00,0.233333,0.133333,0.166667,0.166667,0.166667,0.500000,0.166667
306.25,0.233333,0.133333,0.166667,0.166667,0.166667,0.500000,0.166667
306.50,0.233333,0.133333,0.166667,0.166667,0.166667,0.500000,0.166667
306.75,0.233333,0.133333,0.166667,0.166667,0.166667,0.500000,0.166667
307.00,0.200000,0.066667,0.166667,0.166667,0.166667,0.333333,0.166667
307.25,0.233333,0.081650,0.166667,0.166667,0.333333,0.333333,0.166667
307.50,0.233333,0.081650,0.166667,0.166667,0.333333,0.333333,0.166667
307.75,0.233333,0.081650,0.166667,0.166667,0.333333,0.333333,0.166667
308.00,0.266667,0.133333,0.166667,0.166667,0.333333,0.500000,0.166667
308.25,0.266667,0.133333,0.166667,0.166667,0.333333,0.500000,0.166667
308.50,0.233333,0.081650,0.166667,0.166667,0.333333,0.333333,0.166667
308.75,0.266667,0.133333,0.166667,0.166667,0.333333,0.500000,0.166667
309.00,0.300000,0.124722,0.333333,0.166667,0.333333,0.500000,0.166667
309.25,0.333333,0.105409,0.333333,0.333333,0.333333,0.500000,0.166667
309.50,0.333333,0.105409,0.333333,0.333333,0.333333,0.500000,0.166667
309.75,0.333333,0.105409,0.333333,0.333333,0.333333,0.500000,0.166667
310.00,0.333333,0.105409,0.333333,0.333333,0.333333,0.500000,0.166667
310.25,0.366667,0.163299,0.333333,0.333333,0.333333,0.666667,0.166667
310.50,0.366667,0.163299,0.333333,0.333333,0.333333,0.666667,0.166667
310.75,0.366667,0.163299,0.333333,0.333333,0.333333,0.666667,0.166667
311.00,0.366667,0.163299,0.333333,0.333333,0.333333,0.666667,0.166667
311.25,0.366667,0.163299,0.333333,0.333333,0.333333,0.666667,0.166667
311.50,0.366667,0.163299,0.333333,0.333333,0.333333,0.666667,0.166667
311.75,0.366667,0.163299,0.333333,0.333333,0.333333,0.666667,0.166667
312.00,0.366667,0.163299,0.333333,0.333333,0.333333,0.666667,0.166667
312.25,0.400000,0.133333,0.333333,0.333333,0.333333,0.666667,0.333333
312.50,0.400000,0.133333,0.333333,0.333333,0.333333,0.666667,0.333333
312.75,0.400000,0.133333,0.333333,0.333333,0.333333,0.666667,0.333333
313.00,0.400000,0.133333,0.333333,0.333333,0.333333,0.666667,0.333333
313.25,0.400000,0.133333,0.333333,0.333333,0.333333,0.666667,0.333333
313.50,0.400000,0.133333,0.333333,0.333333,0.333333,0.666667,0.333333
313.75,0.400000,0.133333,0.333333,0.333333,0.333333,0.666667,0.333333
314.00,0.400000,0.133333,0.333333,0.333333,0.333333,0.666667,0.333333
314.25,0.400000,0.133333,0.333333,0.333333,0.333333,0.666667,0.333333
314.50,0.400000,0.133333,0.333333,0.333333,0.333333,0.666667,0.333333
314.75,0.400000,0.133333,0.333333,0.333333,0.333333,0.666667,0.333333
315.00,0.400000,0.133333,0.333333,0.333333,0.333333,0.666667,0.333333
315.25,0.400000,0.133333,0.333333,0.333333,0.333333,0.666667,0.333333
315.50,0.400000,0.133333,0.333333,0.333333,0.333333,0.666667,0.333333
315.75,0.400000,0.133333,0.333333,0.333333,0.333333,0.666667,0.333333
316.00,0.400000,0.133333,0.333333,0.333333,0.333333,0.666667,0.333333
316.25,0.400000,0.133333,0.333333,0.333333,0.333333,0.666667,0.333333
316.50,0.400000,0.133333,0.333333,0.333333,0.333333,0.666667,0.333333
316.75,0.400000,0.133333,0.333333,0.333333,0.333333,0.666667,0.333333
317.00,0.400000,0.133333,0.333333,0.333333,0.333333,0.666667,0.333333
317.25,0.400000,0.133333,0.333333,0.333333,0.333333,0.666667,0.333333
317.50,0.400000,0.133333,0.333333,0.333333,0.333333,0.666667,0.333333
317.75,0.400000,0.133333,0.333333,0.333333,0.333333,0.666667,0.333333
318.00,0.400000,0.133333,0.333333,0.333333,0.333333,0.666667,0.333333
318.25,0.400000,0.133333,0.333333,0.333333,0.333333,0.666667,0.333333
318.50,0.400000,0.133333,0.333333,0.333333,0.333333,0.666667,0.333333
318.75,0.400000,0.133333,0.333333,0.333333,0.333333,0.666667,0.333333
319.00,0.400000,0.133333,0.333333,0.333333,0.333333,0.666667,0.333333
319.25,0.400000,0.133333,0.333333,0.333333,0.333333,0.666667,0.333333
319.50,0.400000,0.133333,0.333333,0.333333,0.333333,0.666667,0.333333
319.75,0.400000,0.133333,0.333333,0.333333,0.333333,0.666667,0.333333
320.00,0.400000,0.133333,0.333333,0.333333,0.333333,0.666667,0.333333
320.25,0.400000,0.133333,0.333333,0.333333,0.333333,0.666667,0.333333
320.50,0.400000,0.133333,0.333333,0.333333,0.333333,0.666667,0.333333
320.75,0.400000,0.133333,0.333333,0.333333,0.333333,0.666667,0.333333
321.00,0.400000,0.133333,0.333333,0.333333,0.333333,0.666667,0.333333
321.25,0.400000,0.133333,0.333333,0.333333,0.333333,0.666667,0.333333
321.50,0.400000,0.133333,0.333333,0.333333,0.333333,0.666667,0.333333
321.75,0.400000,0.133333,0.333333,0.333333,0.333333,0.666667,0.333333
322.00,0.400000,0.133333,0.333333,0.333333,0.333333,0.666667,0.333333
322.25,0.400000,0.133333,0.333333,0.333333,0.333333,0.666667,0.333333
322.50,0.400000,0.133333,0.333333,0.333333,0.333333,0.666667,0.333333
322.75,0.400000,0.133333,0.333333,0.333333,0.333333,0.666667,0.333333
323.00,0.400000,0.133333,0.333333,0.333333,0.333333,0.666667,0.333333
323.25,0.400000,0.133333,0.333333,0.333333,0.333333,0.666667,0.333333
323.50,0.400000,0.133333,0.333333,0.333333,0.333333,0.666667,0.333333
323.75,0.400000,0.133333,0.333333,0.333333,0.333333,0.666667,0.333333
324.00,0.400000,0.133333,0.333333,0.333333,0.333333,0.666667,0.333333
324.25,0.400000,0.133333,0.333333,0.333333,0.333333,0.666667,0.333333
324.50,0.400000,0.133333,0.333333,0.333333,0.333333,0.666667,0.333333
324.75,0.400000,0.133333,0.333333,0.333333,0.333333,0.666667,0.333333
325.00,0.400000,0.133333,0.333333,0.333333,0.333333,0.666667,0.333333
325.25,0.400000,0.133333,0.333333,0.333333,0.333333,0.666667,0.333333
325.50,0.400000,0.133333,0.333333,0.333333,0.333333,0.666667,0.333333
325.75,0.400000,0.133333,0.333333,0.333333,0.333333,0.666667,0.333333
326.00,0.400000,0.133333,0.333333,0.333333,0.333333,0.666667,0.333333
326.25,0.400000,0.133333,0.333333,0.333333,0.333333,0.666667,0.333333
326.50,0.400000,0.133333,0.333333,0.333333,0.333333,0.666667,0.333333
326.75,0.400000,0.133333,0.333333,0.333333,0.333333,0.666667,0.333333
327.00,0.400000,0.133333,0.333333,0.333333,0.333333,0.666667,0.333333
327.25,0.400000,0.133333,0.333333,0.333333,0.333333,0.666667,0.333333
327.50,0.400000,0.133333,0.333333,0.333333,0.333333,0.666667,0.333333
327.75,0.400000,0.133333,0.333333,0.333333,0.333333,0.666667,0.333333
328.00,0.400000,0.133333,0.333333,0.333333,0.333333,0.666667,0.333333
328.25,0.400000,0.133333,0.333333,0.333333,0.333333,0.666667,0.333333
328.50,0.400000,0.133333,0.333333,0.333333,0.333333,0.666667,0.333333
328.75,0.400000,0.133333,0.333333,0.333333,0.333333,0.666667,0.333333
329.00,0.400000,0.133333,0.333333,0.333333,0.333333,0.666667,0.333333
329.25,0.400000,0.133333,0.333333,0.333333,0.333333,0.666667,0.333333
329.50,0.400000,0.133333,0.333333,0.333333,0.333333,0.666667,0.333333
329.75,0.400000,0.133333,0.333333,0.333333,0.333333,0.666667,0.333333
330.00,0.400000,0.133333,0.333333,0.333333,0.333333,0.666667,0.333333
330.25,0.400000,0.133333,0.333333,0.333333,0.333333,0.666667,0.333333
330.50,0.400000,0.133333,0.333333,0.333333,0.333333,0.666667,0.333333
330.75,0.400000,0.133333,0.333333,0.333333,0.333333,0.666667,0.333333
331.00,0.400000,0.133333,0.333333,0.333333,0.333333,0.666667,0.333333
331.25,0.400000,0.133333,0.333333,0.333333,0.333333,0.666667,0.333333
331.50,0.400000,0.133333,0.333333,0.333333,0.333333,0.666667,0.333333
331.75,0.400000,0.133333,0.333333,0.333333,0.333333,0.666667,0.333333
332.00,0.400000,0.133333,0.333333,0.333333,0.333333,0.666667,0.333333
332.25,0.400000,0.133333,0.333333,0.333333,0.333333,0.666667,0.333333
332.50,0.400000,0.133333,0.333333,0.333333,0.333333,0.666667,0.333333
332.75,0.400000,0.133333,0.333333,0.333333,0.333333,0.666667,0.333333
333.00,0.400000,0.133333,0.333333,0.333333,0.333333,0.666667,0.333333
333.25,0.400000,0.133333,0.333333,0.333333,0.333333,0.666667,0.333333
333.50,0.400000,0.133333,0.333333,0.333333,0.333333,0.666667,0.333333
333.75,0.400000,0.133333,0.333333,0.333333,0.333333,0.666667,0.333333
334.00,0.400000,0.133333,0.333333,0.333333,0.333333,0.666667,0.333333
334.25,0.400000,0.133333,0.333333,0.333333,0.333333,0.666667,0.333333
334.50,0.400000,0.133333,0.333333,0.333333,0.333333,0.666667,0.333333
334.75,0.400000,0.133333,0.333333,0.333333,0.333333,0.666667,0.333333
335.00,0.400000,0.133333,0.333333,0.333333,0.333333,0.666667,0.333333
335.25,0.400000,0.133333,0.333333,0.333333,0.333333,0.666667,0.333333
335.50,0.400000,0.133333,0.333333,0.333333,0.333333,0.666667,0.333333
335.75,0.400000,0.133333,0.333333,0.333333,0.333333,0.666667,0.333333
336.00,0.400000,0.133333,0.333333,0.333333,0.333333,0.666667,0.333333
336.25,0.400000,0.133333,0.333333,0.333333,0.333333,0.666667,0.333333
336.50,0.400000,0.133333,0.333333,0.333333,0.333333,0.666667,0.333333
336.75,0.433333,0.200000,0.333333,0.333333,0.333333,0.833333,0.333333
337.00,0.400000,0.133333,0.333333,0.333333,0.333333,0.666667,0.333333
337.25,0.433333,0.200000,0.333333,0.333333,0.333333,0.833333,0.333333
337.50,0.433333,0.200000,0.333333,0.333333,0.333333,0.833333,0.333333
337.75,0.466667,0.194365,0.333333,0.333333,0.500000,0.833333,0.333333
338.00,0.466667,0.163299,0.333333,0.333333,0.666667,0.666667,0.333333
338.25,0.466667,0.163299,0.333333,0.333333,0.666667,0.666667,0.333333
338.50,0.500000,0.210819,0.333333,0.333333,0.666667,0.833333,0.333333
338.75,0.500000,0.210819,0.333333,0.333333,0.666667,0.833333,0.333333
339.00,0.500000,0.210819,0.333333,0.333333,0.666667,0.833333,0.333333
339.25,0.533333,0.194365,0.333333,0.500000,0.666667,0.833333,0.333333
339.50,0.533333,0.194365,0.333333,0.500000,0.666667,0.833333,0.333333
339.75,0.533333,0.194365,0.333333,0.500000,0.666667,0.833333,0.333333
340.00,0.533333,0.194365,0.333333,0.500000,0.666667,0.833333,0.333333
340.25,0.533333,0.194365,0.333333,0.500000,0.666667,0.833333,0.333333
340.50,0.533333,0.194365,0.333333,0.500000,0.666667,0.833333,0.333333
340.75,0.566667,0.226078,0.333333,0.500000,0.833333,0.833333,0.333333
341.00,0.566667,0.226078,0.333333,0.500000,0.833333,0.833333,0.333333
341.25,0.566667,0.226078,0.333333,0.500000,0.833333,0.833333,0.333333
341.50,0.566667,0.226078,0.333333,0.500000,0.833333,0.833333,0.333333
341.75,0.566667,0.226078,0.333333,0.500000,0.833333,0.833333,0.333333
342.00,0.566667,0.226078,0.333333,0.500000,0.833333,0.833333,0.333333
342.25,0.566667,0.226078,0.333333,0.500000,0.833333,0.833333,0.333333
342.50,0.600000,0.226078,0.333333,0.666667,0.833333,0.833333,0.333333
342.75,0.600000,0.226078,0.333333,0.666667,0.833333,0.833333,0.333333
343.00,0.600000,0.226078,0.333333,0.666667,0.833333,0.833333,0.333333
343.25,0.600000,0.226078,0.333333,0.666667,0.833333,0.833333,0.333333
343.50,0.600000,0.226078,0.333333,0.666667,0.833333,0.833333,0.333333
343.75,0.600000,0.226078,0.333333,0.666667,0.833333,0.833333,0.333333
344.00,0.600000,0.226078,0.333333,0.666667,0.833333,0.833333,0.333333
344.25,0.600000,0.226078,0.333333,0.666667,0.833333,0.833333,0.333333
344.50,0.600000,0.226078,0.333333,0.666667,0.833333,0.833333,0.333333
344.75,0.600000,0.226078,0.333333,0.666667,0.833333,0.833333,0.333333
345.00,0.600000,0.226078,0.333333,0.666667,0.833333,0.833333,0.333333
345.25,0.600000,0.226078,0.333333,0.666667,0.833333,0.833333,0.333333
345.50,0.600000,0.226078,0.333333,0.666667,0.833333,0.833333,0.333333
345.75,0.666667,0.182574,0.666667,0.666667,0.833333,0.833333,0.333333
346.00,0.666667,0.182574,0.666667,0.666667,0.833333,0.833333,0.333333
346.25,0.666667,0.182574,0.666667,0.666667,0.833333,0.833333,0.333333
346.50,0.666667,0.182574,0.666667,0.666667,0.833333,0.833333,0.333333
346.75,0.666667,0.182574,0.666667,0.666667,0.833333,0.833333,0.333333
347.00,0.666667,0.182574,0.666667,0.666667,0.833333,0.833333,0.333333
347.25,0.700000,0.221108,0.666667,0.666667,0.833333,1.000000,0.333333
347.50,0.733333,0.226078,0.666667,0.833333,0.833333,1.000000,0.333333
347.75,0.733333,0.226078,0.666667,0.833333,0.833333,1.000000,0.333333
348.00,0.733333,0.226078,0.666667,0.833333,0.833333,1.000000,0.333333
348.25,0.733333,0.226078,0.666667,0.833333,0.833333,1.000000,0.333333
348.50,0.733333,0.226078,0.666667,0.833333,0.833333,1.000000,0.333333
348.75,0.733333,0.226078,0.666667,0.833333,0.833333,1.000000,0.333333
349.00,0.733333,0.226078,0.666667,0.833333,0.833333,1.000000,0.333333
349.25,0.733333,0.226078,0.666667,0.833333,0.833333,1.000000,0.333333
349.50,0.733333,0.226078,0.666667,0.833333,0.833333,1.000000,0.333333
349.75,0.733333,0.226078,0.666667,0.833333,0.833333,1.000000,0.333333
350.00,0.733333,0.226078,0.666667,0.833333,0.833333,1.000000,0.333333
350.25,0.733333,0.226078,0.666667,0.833333,0.833333,1.000000,0.333333
350.50,0.733333,0.226078,0.666667,0.833333,0.833333,1.000000,0.333333
350.75,0.733333,0.226078,0.666667,0.833333,0.833333,1.000000,0.333333
351.00,0.733333,0.226078,0.666667,0.833333,0.833333,1.000000,0.333333
351.25,0.733333,0.226078,0.666667,0.833333,0.833333,1.000000,0.333333
351.50,0.733333,0.226078,0.666667,0.833333,0.833333,1.000000,0.333333
351.75,0.733333,0.226078,0.666667,0.833333,0.833333,1.000000,0.333333
352.00,0.766667,0.249444,0.666667,1.000000,0.833333,1.000000,0.333333
352.25,0.766667,0.249444,0.666667,1.000000,0.833333,1.000000,0.333333
352.50,0.766667,0.249444,0.666667,1.000000,0.833333,1.000000,0.333333
352.75,0.766667,0.249444,0.666667,1.000000,0.833333,1.000000,0.333333
353.00,0.766667,0.249444,0.666667,1.000000,0.833333,1.000000,0.333333
353.25,0.766667,0.249444,0.666667,1.000000,0.833333,1.000000,0.333333
353.50,0.766667,0.249444,0.666667,1.000000,0.833333,1.000000,0.333333
353.75,0.766667,0.249444,0.666667,1.000000,0.833333,1.000000,0.333333
354.00,0.766667,0.249444,0.666667,1.000000,0.833333,1.000000,0.333333
354.25,0.833333,0.149071,0.666667,1.000000,0.833333,1.000000,0.666667
354.50,0.833333,0.149071,0.666667,1.000000,0.833333,1.000000,0.666667
354.75,0.833333,0.149071,0.666667,1.000000,0.833333,1.000000,0.666667
355.00,0.833333,0.149071,0.666667,1.000000,0.833333,1.000000,0.666667
355.25,0.833333,0.149071,0.666667,1.000000,0.833333,1.000000,0.666667
355.50,0.833333,0.149071,0.666667,1.000000,0.833333,1.000000,0.666667
355.75,0.833333,0.149071,0.666667,1.000000,0.833333,1.000000,0.666667
356.00,0.833333,0.149071,0.666667,1.000000,0.833333,1.000000,0.666667
356.25,0.833333,0.149071,0.666667,1.000000,0.833333,1.000000,0.666667
356.50,0.833333,0.149071,0.666667,1.000000,0.833333,1.000000,0.666667
356.75,0.833333,0.149071,0.666667,1.000000,0.833333,1.000000,0.666667
357.00,0.833333,0.149071,0.666667,1.000000,0.833333,1.000000,0.666667
357.25,0.833333,0.149071,0.666667,1.000000,0.833333,1.000000,0.666667
357.50,0.833333,0.149071,0.666667,1.000000,0.833333,1.000000,0.666667
357.75,0.833333,0.149071,0.666667,1.000000,0.833333,1.000000,0.666667
358.00,0.833333,0.149071,0.666667,1.000000,0.833333,1.000000,0.666667
358.25,0.833333,0.149071,0.666667,1.000000,0.833333,1.000000,0.666667
358.50,0.833333,0.149071,0.666667,1.000000,0.833333,1.000000,0.666667
358.75,0.833333,0.149071,0.666667,1.000000,0.833333,1.000000,0.666667
359.00,0.833333,0.149071,0.666667,1.000000,0.833333,1.000000,0.666667
359.25,0.833333,0.149071,0.666667,1.000000,0.833333,1.000000,0.666667
359.50,0.833333,0.149071,0.666667,1.000000,0.833333,1.000000,0.666667
359.75,0.833333,0.149071,0.666667,1.000000,0.833333,1.000000,0.666667
360.00,0.833333,0.149071,0.666667,1.000000,0.833333,1.000000,0.666667
360.25,0.833333,0.149071,0.666667,1.000000,0.833333,1.000000,0.666667
360.50,0.833333,0.149071,0.666667,1.000000,0.833333,1.000000,0.666667
360.75,0.833333,0.149071,0.666667,1.000000,0.833333,1.000000,0.666667
361.00,0.833333,0.149071,0.666667,1.000000,0.833333,1.000000,0.666667
361.25,0.833333,0.149071,0.666667,1.000000,0.833333,1.000000,0.666667
361.50,0.833333,0.149071,0.666667,1.000000,0.833333,1.000000,0.666667
361.75,0.833333,0.149071,0.666667,1.000000,0.833333,1.000000,0.666667
362.00,0.833333,0.149071,0.666667,1.000000,0.833333,1.000000,0.666667
362.25,0.833333,0.149071,0.666667,1.000000,0.833333,1.000000,0.666667
362.50,0.833333,0.149071,0.666667,1.000000,0.833333,1.000000,0.666667
362.75,0.833333,0.149071,0.666667,1.000000,0.833333,1.000000,0.666667
363.00,0.833333,0.149071,0.666667,1.000000,0.833333,1.000000,0.666667
363.25,0.833333,0.149071,0.666667,1.000000,0.833333,1.000000,0.666667
363.50,0.833333,0.149071,0.666667,1.000000,0.833333,1.000000,0.666667
363.75,0.833333,0.149071,0.666667,1.000000,0.833333,1.000000,0.666667
364.00,0.833333,0.149071,0.666667,1.000000,0.833333,1.000000,0.666667
364.25,0.900000,0.081650,0.833333,1.000000,0.833333,1.000000,0.833333
364.50,0.900000,0.081650,0.833333,1.000000,0.833333,1.000000,0.833333
364.75,0.933333,0.081650,1.000000,1.000000,0.833333,1.000000,0.833333
365.00,0.933333,0.081650,1.000000,1.000000,0.833333,1.000000,0.833333
365.25,0.933333,0.081650,1.000000,1.000000,0.833333,1.000000,0.833333
365.50,0.933333,0.081650,1.000000,1.000000,0.833333,1.000000,0.833333
365.75,0.933333,0.081650,1.000000,1.000000,0.833333,1.000000,0.833333
366.00,0.933333,0.081650,1.000000,1.000000,0.833333,1.000000,0.833333
366.25,0.933333,0.081650,1.000000,1.000000,0.833333,1.000000,0.833333
366.50,0.933333,0.081650,1.000000,1.000000,0.833333,1.000000,0.833333
366.75,0.933333,0.081650,1.000000,1.000000,0.833333,1.000000,0.833333
367.00,0.933333,0.081650,1.000000,1.000000,0.833333,1.000000,0.833333
367.25,0.933333,0.081650,1.000000,1.000000,0.833333,1.000000,0.833333
367.50,0.933333,0.081650,1.000000,1.000000,0.833333,1.000000,0.833333
367.75,0.933333,0.081650,1.000000,1.000000,0.833333,1.000000,0.833333
368.00,0.933333,0.081650,1.000000,1.000000,0.833333,1.000000,0.833333
368.25,0.933333,0.081650,1.000000,1.000000,0.833333,1.000000,0.833333
368.50,0.933333,0.081650,1.000000,1.000000,0.833333,1.000000,0.833333
368.75,0.933333,0.081650,1.000000,1.000000,0.833333,1.000000,0.833333
369.00,0.933333,0.081650,1.000000,1.000000,0.833333,1.000000,0.833333
369.25,0.933333,0.081650,1.000000,1.000000,0.833333,1.000000,0.833333
369.50,0.933333,0.081650,1.000000,1.000000,0.833333,1.000000,0.833333
369.75,0.933333,0.081650,1.000000,1.000000,0.833333,1.000000,0.833333
370.00,0.933333,0.081650,1.000000,1.000000,0.833333,1.000000,0.833333
370.25,0.933333,0.081650,1.000000,1.000000,0.833333,1.000000,0.833333
370.50,0.933333,0.081650,1.000000,1.000000,0.833333,1.000000,0.833333
370.75,0.933333,0.081650,1.000000,1.000000,0.833333,1.000000,0.833333
371.00,0.933333,0.081650,1.000000,1.000000,0.833333,1.000000,0.833333
371.25,0.933333,0.081650,1.000000,1.000000,0.833333,1.000000,0.833333
371.50,0.933333,0.081650,1.000000,1.000000,0.833333,1.000000,0.833333
371.75,0.933333,0.081650,1.000000,1.000000,0.833333,1.000000,0.833333
372.00,0.933333,0.081650,1.000000,1.000000,0.833333,1.000000,0.833333
372.25,0.933333,0.081650,1.000000,1.000000,0.833333,1.000000,0.833333
372.50,0.933333,0.081650,1.000000,1.000000,0.833333,1.000000,0.833333
372.75,0.933333,0.081650,1.000000,1.000000,0.833333,1.000000,0.833333
373.00,0.933333,0.081650,1.000000,1.000000,0.833333,1.000000,0.833333
373.25,0.933333,0.081650,1.000000,1.000000,0.833333,1.000000,0.833333
373.50,0.933333,0.081650,1.000000,1.000000,0.833333,1.000000,0.833333
373.75,0.933333,0.081650,1.000000,1.000000,0.833333,1.000000,0.833333
374.00,0.933333,0.081650,1.000000,1.000000,0.833333,1.000000,0.833333
374.25,0.933333,0.081650,1.000000,1.000000,0.833333,1.000000,0.833333
374.50,0.933333,0.081650,1.000000,1.000000,0.833333,1.000000,0.833333
374.75,0.933333,0.081650,1.000000,1.000000,0.833333,1.000000,0.833333
375.00,0.933333,0.081650,1.000000,1.000000,0.833333,1.000000,0.833333
375.25,0.933333,0.081650,1.000000,1.000000,0.833333,1.000000,0.833333
375.50,0.933333,0.081650,1.000000,1.000000,0.833333,1.000000,0.833333
375.75,0.933333,0.081650,1.000000,1.000000,0.833333,1.000000,0.833333
376.00,0.933333,0.081650,1.000000,1.000000,0.833333,1.000000,0.833333
376.25,0.933333,0.081650,1.000000,1.000000,0.833333,1.000000,0.833333
376.50,0.933333,0.081650,1.000000,1.000000,0.833333,1.000000,0.833333
376.75,0.933333,0.081650,1.000000,1.000000,0.833333,1.000000,0.833333
377.00,0.933333,0.081650,1.000000,1.000000,0.833333,1.000000,0.833333
377.25,0.933333,0.081650,1.000000,1.000000,0.833333,1.000000,0.833333
377.50,0.933333,0.081650,1.000000,1.000000,0.833333,1.000000,0.833333
377.75,0.933333,0.081650,1.000000,1.000000,0.833333,1.000000,0.833333
378.00,0.933333,0.081650,1.000000,1.000000,0.833333,1.000000,0.833333
378.25,0.933333,0.081650,1.000000,1.000000,0.833333,1.000000,0.833333
378.50,0.933333,0.081650,1.000000,1.000000,0.833333,1.000000,0.833333
378.75,0.933333,0.081650,1.000000,1.000000,0.833333,1.000000,0.833333
379.00,0.933333,0.081650,1.000000,1.000000,0.833333,1.000000,0.833333
379.25,0.933333,0.081650,1.000000,1.000000,0.833333,1.000000,0.833333
379.50,0.933333,0.081650,1.000000,1.000000,0.833333,1.000000,0.833333
379.75,0.933333,0.081650,1.000000,1.000000,0.833333,1.000000,0.833333
380.00,0.933333,0.081650,1.000000,1.000000,0.833333,1.000000,0.833333
380.25,0.933333,0.081650,1.000000,1.000000,0.833333,1.000000,0.833333
380.50,0.933333,0.081650,1.000000,1.000000,0.833333,1.000000,0.833333
380.75,0.933333,0.081650,1.000000,1.000000,0.833333,1.000000,0.833333
381.00,0.933333,0.081650,1.000000,1.000000,0.833333,1.000000,0.833333
381.25,0.933333,0.081650,1.000000,1.000000,0.833333,1.000000,0.833333
381.50,0.933333,0.081650,1.000000,1.000000,0.833333,1.000000,0.833333
381.75,0.933333,0.081650,1.000000,1.000000,0.833333,1.000000,0.833333
382.00,0.933333,0.081650,1.000000,1.000000,0.833333,1.000000,0.833333
382.25,0.933333,0.081650,1.000000,1.000000,0.833333,1.000000,0.833333
382.50,0.933333,0.081650,1.000000,1.000000,0.833333,1.000000,0.833333
382.75,0.933333,0.081650,1.000000,1.000000,0.833333,1.000000,0.833333
383.00,0.966667,0.066667,1.000000,1.000000,1.000000,1.000000,0.833333
383.25,0.966667,0.066667,1.000000,1.000000,1.000000,1.000000,0.833333
383.50,0.966667,0.066667,1.000000,1.000000,1.000000,1.000000,0.833333
383.75,0.966667,0.066667,1.000000,1.000000,1.000000,1.000000,0.833333
384.00,0.966667,0.066667,1.000000,1.000000,1.000000,1.000000,0.833333
384.25,0.966667,0.066667,1.000000,1.000000,1.000000,1.000000,0.833333
384.50,1.000000,0.000000,1.000000,1.000000,1.000000,1.000000,1.000000
384.75,1.000000,0.000000,1.000000,1.000000,1.000000,1.000000,1.000000
385.00,1.000000,0.000000,1.000000,1.000000,1.000000,1.000000,1.000000
385.25,1.000000,0.000000,1.000000,1.000000,1.000000,1.000000,1.000000
385.50,1.000000,0.000000,1.000000,1.000000,1.000000,1.000000,1.000000
385.75,1.000000,0.000000,1.000000,1.000000,1.000000,1.000000,1.000000
386.00,1.000000,0.000000,1.000000,1.000000,1.000000,1.000000,1.000000
386.25,1.000000,0.000000,1.000000,1.000000,1.000000,1.000000,1.000000
386.50,1.000000,0.000000,1.000000,1.000000,1.000000,1.000000,1.000000
386.75,1.000000,0.000000,1.000000,1.000000,1.000000,1.000000,1.000000
387.00,1.000000,0.000000,1.000000,1.000000,1.000000,1.000000,1.000000
387.25,1.000000,0.000000,1.000000,1.000000,1.000000,1.000000,1.000000
387.50,1.000000,0.000000,1.000000,1.000000,1.000000,1.000000,1.000000
387.75,1.000000,0.000000,1.000000,1.000000,1.000000,1.000000,1.000000
388.00,1.000000,0.000000,1.000000,1.000000,1.000000,1.000000,1.000000
388.25,1.000000,0.000000,1.000000,1.000000,1.000000,1.000000,1.000000
388.50,1.000000,0.000000,1.000000,1.000000,1.000000,1.000000,1.000000
388.75,1.000000,0.000000,1.000000,1.000000,1.000000,1.000000,1.000000
389.00,1.000000,0.000000,1.000000,1.000000,1.000000,1.000000,1.000000
389.25,1.000000,0.000000,1.000000,1.000000,1.000000,1.000000,1.000000
389.50,1.000000,0.000000,1.000000,1.000000,1.000000,1.000000,1.000000
389.75,1.000000,0.000000,1.000000,1.000000,1.000000,1.000000,1.000000
390.00,1.000000,0.000000,1.000000,1.000000,1.000000,1.000000,1.000000
390.25,1.000000,0.000000,1.000000,1.000000,1.000000,1.000000,1.000000
390.50,1.000000,0.000000,1.000000,1.000000,1.000000,1.000000,1.000000
390.75,1.000000,0.000000,1.000000,1.000000,1.000000,1.000000,1.000000
391.00,1.000000,0.000000,1.000000,1.000000,1.000000,1.000000,1.000000
391.25,1.000000,0.000000,1.000000,1.000000,1.000000,1.000000,1.000000
391.50,1.000000,0.000000,1.000000,1.000000,1.000000,1.000000,1.000000
391.75,1.000000,0.000000,1.000000,1.000000,1.000000,1.000000,1.000000
392.00,1.000000,0.000000,1.000000,1.000000,1.000000,1.000000,1.000000
392.25,1.000000,0.000000,1.000000,1.000000,1.000000,1.000000,1.000000
392.50,1.000000,0.000000,1.000000,1.000000,1.000000,1.000000,1.000000
392.75,1.000000,0.000000,1.000000,1.000000,1.000000,1.000000,1.000000
393.00,1.000000,0.000000,1.000000,1.000000,1.000000,1.000000,1.000000
393.25,1.000000,0.000000,1.000000,1.000000,1.000000,1.000000,1.000000
393.50,1.000000,0.000000,1.000000,1.000000,1.000000,1.000000,1.000000
393.75,1.000000,0.000000,1.000000,1.000000,1.000000,1.000000,1.000000
394.00,1.000000,0.000000,1.000000,1.000000,1.000000,1.000000,1.000000
394.25,1.000000,0.000000,1.000000,1.000000,1.000000,1.000000,1.000000
394.50,1.000000,0.000000,1.000000,1.000000,1.000000,1.000000,1.000000
394.75,1.000000,0.000000,1.000000,1.000000,1.000000,1.000000,1.000000
395.00,1.000000,0.000000,1.000000,1.000000,1.000000,1.000000,1.000000
395.25,1.000000,0.000000,1.000000,1.000000,1.000000,1.000000,1.000000
395.50,1.000000,0.000000,1.000000,1.000000,1.000000,1.000000,1.000000
395.75,1.000000,0.000000,1.000000,1.000000,1.000000,1.000000,1.000000
396.00,1.000000,0.000000,1.000000,1.000000,1.000000,1.000000,1.000000
396.25,1.000000,0.000000,1.000000,1.000000,1.000000,1.000000,1.000000
396.50,1.000000,0.000000,1.000000,1.000000,1.000000,1.000000,1.000000
396.75,1.000000,0.000000,1.000000,1.000000,1.000000,1.000000,1.000000
397.00,1.000000,0.000000,1.000000,1.000000,1.000000,1.000000,1.000000
397.25,1.000000,0.000000,1.000000,1.000000,1.000000,1.000000,1.000000
397.50,1.000000,0.000000,1.000000,1.000000,1.000000,1.000000,1.000000
397.75,1.000000,0.000000,1.000000,1.000000,1.000000,1.000000,1.000000
398.00,1.000000,0.000000,1.000000,1.000000,1.000000,1.000000,1.000000
398.25,1.000000,0.000000,1.000000,1.000000,1.000000,1.000000,1.000000
398.50,1.000000,0.000000,1.000000,1.000000,1.000000,1.000000,1.000000
398.75,1.000000,0.000000,1.000000,1.000000,1.000000,1.000000,1.000000
399.00,1.000000,0.000000,1.000000,1.000000,1.000000,1.000000,1.000000
399.25,1.000000,0.000000,1.000000,1.000000,1.000000,1.000000,1.000000
399.50,1.000000,0.000000,1.000000,1.000000,1.000000,1.000000,1.000000
399.75,1.000000,0.000000,1.000000,1.000000,1.000000,1.000000,1.000000
400.00,1.000000,0.000000,1.000000,1.000000,1.000000,1.000000,1.000000
400.25,1.000000,0.000000,1.000000,1.000000,1.000000,1.000000,1.000000
400.50,1.000000,0.000000,1.000000,1.000000,1.000000,1.000000,1.000000
400.75,1.000000,0.000000,1.000000,1.000000,1.000000,1.000000,1.000000
401.00,1.000000,0.000000,1.000000,1.000000,1.000000,1.000000,1.000000
401.25,1.000000,0.000000,1.000000,1.000000,1.000000,1.000000,1.000000
401.50,1.000000,0.000000,1.000000,1.000000,1.000000,1.000000,1.000000
401.75,1.000000,0.000000,1.000000,1.000000,1.000000,1.000000,1.000000
402.00,1.000000,0.000000,1.000000,1.000000,1.000000,1.000000,1.000000
402.25,1.000000,0.000000,1.000000,1.000000,1.000000,1.000000,1.000000
402.50,1.000000,0.000000,1.000000,1.000000,1.000000,1.000000,1.000000
402.75,1.000000,0.000000,1.000000,1.000000,1.000000,1.000000,1.000000
403.00,1.000000,0.000000,1.000000,1.000000,1.000000,1.000000,1.000000
403.25,1.000000,0.000000,1.000000,1.000000,1.000000,1.000000,1.000000
403.50,1.000000,0.000000,1.000000,1.000000,1.000000,1.000000,1.000000
403.75,1.000000,0.000000,1.000000,1.000000,1.000000,1.000000,1.000000
404.00,1.000000,0.000000,1.000000,1.000000,1.000000,1.000000,1.000000
404.25,1.000000,0.000000,1.000000,1.000000,1.000000,1.000000,1.000000
404.50,1.000000,0.000000,1.000000,1.000000,1.000000,1.000000,1.000000
404.75,1.000000,0.000000,1.000000,1.000000,1.000000,1.000000,1.000000
405.00,1.000000,0.000000,1.000000,1.000000,1.000000,1.000000,1.000000
405.25,1.000000,0.000000,1.000000,1.000000,1.000000,1.000000,1.000000
405.50,1.000000,0.000000,1.000000,1.000000,1.000000,1.000000,1.000000
405.75,1.000000,0.000000,1.000000,1.000000,1.000000,1.000000,1.000000
406.00,1.000000,0.000000,1.000000,1.000000,1.000000,1.000000,1.000000
406.25,1.000000,0.000000,1.000000,1.000000,1.000000,1.000000,1.000000
406.50,1.000000,0.000000,1.000000,1.000000,1.000000,1.000000,1.000000
406.75,1.000000,0.000000,1.000000,1.000000,1.000000,1.000000,1.000000
407.00,1.000000,0.000000,1.000000,1.000000,1.000000,1.000000,1.000000
407.25,1.000000,0.000000,1.000000,1.000000,1.000000,1.000000,1.000000
407.50,1.000000,0.000000,1.000000,1.000000,1.000000,1.000000,1.000000
407.75,1.000000,0.000000,1.000000,1.000000,1.000000,1.000000,1.000000
408.00,1.000000,0.000000,1.000000,1.000000,1.000000,1.000000,1.000000
408.25,1.000000,0.000000,1.000000,1.000000,1.000000,1.000000,1.000000
408.50,1.000000,0.000000,1.000000,1.000000,1.000000,1.000000,1.000000
408.75,1.000000,0.000000,1.000000,1.000000,1.000000,1.000000,1.000000
409.00,1.000000,0.000000,1.000000,1.000000,1.000000,1.000000,1.000000
409.25,1.000000,0.000000,1.000000,1.000000,1.000000,1.000000,1.000000
409.50,1.000000,0.000000,1.000000,1.000000,1.000000,1.000000,1.000000
409.75,1.000000,0.000000,1.000000,1.000000,1.000000,1.000000,1.000000
410.00,1.000000,0.000000,1.000000,1.000000,1.000000,1.000000,1.000000
410.25,1.000000,0.000000,1.000000,1.000000,1.000000,1.000000,1.000000
410.50,1.000000,0.000000,1.000000,1.000000,1.000000,1.000000,1.000000
410.75,1.000000,0.000000,1.000000,1.000000,1.000000,1.000000,1.000000
411.00,1.000000,0.000000,1.000000,1.000000,1.000000,1.000000,1.000000
411.25,1.000000,0.000000,1.000000,1.000000,1.000000,1.000000,1.000000
411.50,1.000000,0.000000,1.000000,1.000000,1.000000,1.000000,1.000000
411.75,1.000000,0.000000,1.000000,1.000000,1.000000,1.000000,1.000000
412.00,1.000000,0.000000,1.000000,1.000000,1.000000,1.000000,1.000000
412.25,1.000000,0.000000,1.000000,1.000000,1.000000,1.000000,1.000000
412.50,1.000000,0.000000,1.000000,1.000000,1.000000,1.000000,1.000000
412.75,1.000000,0.000000,1.000000,1.000000,1.000000,1.000000,1.000000
413.00,1.000000,0.000000,1.000000,1.000000,1.000000,1.000000,1.000000
413.25,1.000000,0.000000,1.000000,1.000000,1.000000,1.000000,1.000000
413.50,1.000000,0.000000,1.000000,1.000000,1.000000,1.000000,1.000000
413.75,1.000000,0.000000,1.000000,1.000000,1.000000,1.000000,1.000000
414.00,1.000000,0.000000,1.000000,1.000000,1.000000,1.000000,1.000000
414.25,1.000000,0.000000,1.000000,1.000000,1.000000,1.000000,1.000000
414.50,1.000000,0.000000,1.000000,1.000000,1.000000,1.000000,1.000000
414.75,1.000000,0.000000,1.000000,1.000000,1.000000,1.000000,1.000000
415.00,1.000000,0.000000,1.000000,1.000000,1.000000,1.000000,1.000000
415.25,1.000000,0.000000,1.000000,1.000000,1.000000,1.000000,1.000000
415.50,1.000000,0.000000,1.000000,1.000000,1.000000,1.000000,1.000000
415.75,1.000000,0.000000,1.000000,1.000000,1.000000,1.000000,1.000000
416.00,1.000000,0.000000,1.000000,1.000000,1.000000,1.000000,1.000000
416.25,1.000000,0.000000,1.000000,1.000000,1.000000,1.000000,1.000000
416.50,1.000000,0.000000,1.000000,1.000000,1.000000,1.000000,1.000000
416.75,1.000000,0.000000,1.000000,1.000000,1.000000,1.000000,1.000000
417.00,1.000000,0.000000,1.000000,1.000000,1.000000,1.000000,1.000000
417.25,1.000000,0.000000,1.000000,1.000000,1.000000,1.000000,1.000000
417.50,1.000000,0.000000,1.000000,1.000000,1.000000,1.000000,1.000000
417.75,1.000000,0.000000,1.000000,1.000000,1.000000,1.000000,1.000000
418.00,1.000000,0.000000,1.000000,1.000000,1.000000,1.000000,1.000000
418.25,1.000000,0.000000,1.000000,1.000000,1.000000,1.000000,1.000000
418.50,1.000000,0.000000,1.000000,1.000000,1.000000,1.000000,1.000000
418.75,1.000000,0.000000,1.000000,1.000000,1.000000,1.000000,1.000000
419.00,1.000000,0.000000,1.000000,1.000000,1.000000,1.000000,1.000000
419.25,1.000000,0.000000,1.000000,1.000000,1.000000,1.000000,1.000000
419.50,1.000000,0.000000,1.000000,1.000000,1.000000,1.000000,1.000000
419.75,1.000000,0.000000,1.000000,1.000000,1.000000,1.000000,1.000000
420.00,1.000000,0.000000,1.000000,1.000000,1.000000,1.000000,1.000000
420.25,1.000000,0.000000,1.000000,1.000000,1.000000,1.000000,1.000000
420.50,1.000000,0.000000,1.000000,1.000000,1.000000,1.000000,1.000000
420.75,1.000000,0.000000,1.000000,1.000000,1.000000,1.000000,1.000000
421.00,1.000000,0.000000,1.000000,1.000000,1.000000,1.000000,1.000000
421.25,1.000000,0.000000,1.000000,1.000000,1.000000,1.000000,1.000000
421.50,1.000000,0.000000,1.000000,1.000000,1.000000,1.000000,1.000000
421.75,1.000000,0.000000,1.000000,1.000000,1.000000,1.000000,1.000000
422.00,1.000000,0.000000,1.000000,1.000000,1.000000,1.000000,1.000000
422.25,1.000000,0.000000,1.000000,1.000000,1.000000,1.000000,1.000000
422.50,1.000000,0.000000,1.000000,1.000000,1.000000,1.000000,1.000000
422.75,1.000000,0.000000,1.000000,1.000000,1.000000,1.000000,1.000000
423.00,1.000000,0.000000,1.000000,1.000000,1.000000,1.000000,1.000000
423.25,1.000000,0.000000,1.000000,1.000000,1.000000,1.000000,1.000000
423.50,1.000000,0.000000,1.000000,1.000000,1.000000,1.000000,1.000000
423.75,1.000000,0.000000,1.000000,1.000000,1.000000,1.000000,1.000000
424.00,1.000000,0.000000,1.000000,1.000000,1.000000,1.000000,1.000000
424.25,1.000000,0.000000,1.000000,1.000000,1.000000,1.000000,1.000000
424.50,1.000000,0.000000,1.000000,1.000000,1.000000,1.000000,1.000000
424.75,1.000000,0.000000,1.000000,1.000000,1.000000,1.000000,1.000000
425.00,1.000000,0.000000,1.000000,1.000000,1.000000,1.000000,1.000000
425.25,1.000000,0.000000,1.000000,1.000000,1.000000,1.000000,1.000000
425.50,1.000000,0.000000,1.000000,1.000000,1.000000,1.000000,1.000000
425.75,1.000000,0.000000,1.000000,1.000000,1.000000,1.000000,1.000000
426.00,1.000000,0.000000,1.000000,1.000000,1.000000,1.000000,1.000000
426.25,1.000000,0.000000,1.000000,1.000000,1.000000,1.000000,1.000000
426.50,1.000000,0.000000,1.000000,1.000000,1.000000,1.000000,1.000000
426.75,1.000000,0.000000,1.000000,1.000000,1.000000,1.000000,1.000000
427.00,1.000000,0.000000,1.000000,1.000000,1.000000,1.000000,1.000000
427.25,1.000000,0.000000,1.000000,1.000000,1.000000,1.000000,1.000000
427.50,1.000000,0.000000,1.000000,1.000000,1.000000,1.000000,1.000000
427.75,1.000000,0.000000,1.000000,1.000000,1.000000,1.000000,1.000000
428.00,1.000000,0.000000,1.000000,1.000000,1.000000,1.000000,1.000000
428.25,1.000000,0.000000,1.000000,1.000000,1.000000,1.000000,1.000000
428.50,1.000000,0.000000,1.000000,1.000000,1.000000,1.000000,1.000000
428.75,1.000000,0.000000,1.000000,1.000000,1.000000,1.000000,1.000000
429.00,1.000000,0.000000,1.000000,1.000000,1.000000,1.000000,1.000000
429.25,1.000000,0.000000,1.000000,1.000000,1.000000,1.000000,1.000000
429.50,1.000000,0.000000,1.000000,1.000000,1.000000,1.000000,1.000000
429.75,1.000000,0.000000,1.000000,1.000000,1.000000,1.000000,1.000000
430.00,1.000000,0.000000,1.000000,1.000000,1.000000,1.000000,1.000000
430.25,1.000000,0.000000,1.000000,1.000000,1.000000,1.000000,1.000000
430.50,1.000000,0.000000,1.000000,1.000000,1.000000,1.000000,1.000000
430.75,1.000000,0.000000,1.000000,1.000000,1.000000,1.000000,1.000000
431.00,1.000000,0.000000,1.000000,1.000000,1.000000,1.000000,1.000000
431.25,1.000000,0.000000,1.000000,1.000000,1.000000,1.000000,1.000000
431.50,1.000000,0.000000,1.000000,1.000000,1.000000,1.000000,1.000000
431.75,1.000000,0.000000,1.000000,1.000000,1.000000,1.000000,1.000000
432.00,1.000000,0.000000,1.000000,1.000000,1.000000,1.000000,1.000000
432.25,1.000000,0.000000,1.000000,1.000000,1.000000,1.000000,1.000000
432.50,1.000000,0.000000,1.000000,1.000000,1.000000,1.000000,1.000000
432.75,1.000000,0.000000,1.000000,1.000000,1.000000,1.000000,1.000000
433.00,1.000000,0.000000,1.000000,1.000000,1.000000,1.000000,1.000000
433.25,1.000000,0.000000,1.000000,1.000000,1.000000,1.000000,1.000000
433.50,1.000000,0.000000,1.000000,1.000000,1.000000,1.000000,1.000000
433.75,1.000000,0.000000,1.000000,1.000000,1.000000,1.000000,1.000000
434.00,1.000000,0.000000,1.000000,1.000000,1.000000,1.000000,1.000000
434.25,1.000000,0.000000,1.000000,1.000000,1.000000,1.000000,1.000000
434.50,1.000000,0.000000,1.000000,1.000000,1.000000,1.000000,1.000000
434.75,1.000000,0.000000,1.000000,1.000000,1.000000,1.000000,1.000000
435.00,1.000000,0.000000,1.000000,1.000000,1.000000,1.000000,1.000000
435.25,1.000000,0.000000,1.000000,1.000000,1.000000,1.000000,1.000000
435.50,1.000000,0.000000,1.000000,1.000000,1.000000,1.000000,1.000000
435.75,1.000000,0.000000,1.000000,1.000000,1.000000,1.000000,1.000000
436.00,1.000000,0.000000,1.000000,1.000000,1.000000,1.000000,1.000000
436.25,1.000000,0.000000,1.000000,1.000000,1.000000,1.000000,1.000000
436.50,1.000000,0.000000,1.000000,1.000000,1.000000,1.000000,1.000000
436.75,1.000000,0.000000,1.000000,1.000000,1.000000,1.000000,1.000000
437.00,1.000000,0.000000,1.000000,1.000000,1.000000,1.000000,1.000000
437.25,1.000000,0.000000,1.000000,1.000000,1.000000,1.000000,1.000000
437.50,1.000000,0.000000,1.000000,1.000000,1.000000,1.000000,1.000000
437.75,1.000000,0.000000,1.000000,1.000000,1.000000,1.000000,1.000000
438.00,1.000000,0.000000,1.000000,1.000000,1.000000,1.000000,1.000000
438.25,1.000000,0.000000,1.000000,1.000000,1.000000,1.000000,1.000000
438.50,1.000000,0.000000,1.000000,1.000000,1.000000,1.000000,1.000000
438.75,1.000000,0.000000,1.000000,1.000000,1.000000,1.000000,1.000000
439.00,1.000000,0.000000,1.000000,1.000000,1.000000,1.000000,1.000000
439.25,1.000000,0.000000,1.000000,1.000000,1.000000,1.000000,1.000000
439.50,1.000000,0.000000,1.000000,1.000000,1.000000,1.000000,1.000000
439.75,1.000000,0.000000,1.000000,1.000000,1.000000,1.000000,1.000000
440.00,1.000000,0.000000,1.000000,1.000000,1.000000,1.000000,1.000000
440.25,1.000000,0.000000,1.000000,1.000000,1.000000,1.000000,1.000000
440.50,1.000000,0.000000,1.000000,1.000000,1.000000,1.000000,1.000000
440.75,1.000000,0.000000,1.000000,1.000000,1.000000,1.000000,1.000000
441.00,1.000000,0.000000,1.000000,1.000000,1.000000,1.000000,1.000000
441.25,1.000000,0.000000,1.000000,1.000000,1.000000,1.000000,1.000000
441.50,1.000000,0.000000,1.000000,1.000000,1.000000,1.000000,1.000000
441.75,1.000000,0.000000,1.000000,1.000000,1.000000,1.000000,1.000000
442.00,1.000000,0.000000,1.000000,1.000000,1.000000,1.000000,1.000000
442.25,1.000000,0.000000,1.000000,1.000000,1.000000,1.000000,1.000000
442.50,1.000000,0.000000,1.000000,1.000000,1.000000,1.000000,1.000000
442.75,1.000000,0.000000,1.000000,1.000000,1.000000,1.000000,1.000000
443.00,1.000000,0.000000,1.000000,1.000000,1.000000,1.000000,1.000000
443.25,1.000000,0.000000,1.000000,1.000000,1.000000,1.000000,1.000000
443.50,1.000000,0.000000,1.000000,1.000000,1.000000,1.000000,1.000000
443.75,1.000000,0.000000,1.000000,1.000000,1.000000,1.000000,1.000000
444.00,1.000000,0.000000,1.000000,1.000000,1.000000,1.000000,1.000000
444.25,1.000000,0.000000,1.000000,1.000000,1.000000,1.000000,1.000000
444.50,1.000000,0.000000,1.000000,1.000000,1.000000,1.000000,1.000000
444.75,1.000000,0.000000,1.000000,1.000000,1.000000,1.000000,1.000000
445.00,1.000000,0.000000,1.000000,1.000000,1.000000,1.000000,1.000000
445.25,1.000000,0.000000,1.000000,1.000000,1.000000,1.000000,1.000000
445.50,1.000000,0.000000,1.000000,1.000000,1.000000,1.000000,1.000000
445.75,1.000000,0.000000,1.000000,1.000000,1.000000,1.000000,1.000000
446.00,1.000000,0.000000,1.000000,1.000000,1.000000,1.000000,1.000000
446.25,1.000000,0.000000,1.000000,1.000000,1.000000,1.000000,1.000000
446.50,1.000000,0.000000,1.000000,1.000000,1.000000,1.000000,1.000000
446.75,1.000000,0.000000,1.000000,1.000000,1.000000,1.000000,1.000000
447.00,1.000000,0.000000,1.000000,1.000000,1.000000,1.000000,1.000000
447.25,1.000000,0.000000,1.000000,1.000000,1.000000,1.000000,1.000000
447.50,1.000000,0.000000,1.000000,1.000000,1.000000,1.000000,1.000000
447.75,1.000000,0.000000,1.000000,1.000000,1.000000,1.000000,1.000000
448.00,1.000000,0.000000,1.000000,1.000000,1.000000,1.000000,1.000000
448.25,1.000000,0.000000,1.000000,1.000000,1.000000,1.000000,1.000000
448.50,1.000000,0.000000,1.000000,1.000000,1.000000,1.000000,1.000000
448.75,1.000000,0.000000,1.000000,1.000000,1.000000,1.000000,1.000000
449.00,1.000000,0.000000,1.000000,1.000000,1.000000,1.000000,1.000000
449.25,1.000000,0.000000,1.000000,1.000000,1.000000,1.000000,1.000000
449.50,1.000000,0.000000,1.000000,1.000000,1.000000,1.000000,1.000000
449.75,1.000000,0.000000,1.000000,1.000000,1.000000,1.000000,1.000000
450.00,1.000000,0.000000,1.000000,1.000000,1.000000,1.000000,1.000000
450.25,1.000000,0.000000,1.000000,1.000000,1.000000,1.000000,1.000000
450.50,1.000000,0.000000,1.000000,1.000000,1.000000,1.000000,1.000000
450.75,1.000000,0.000000,1.000000,1.000000,1.000000,1.000000,1.000000
451.00,1.000000,0.000000,1.000000,1.000000,1.000000,1.000000,1.000000
451.25,1.000000,0.000000,1.000000,1.000000,1.000000,1.000000,1.000000
451.50,1.000000,0.000000,1.000000,1.000000,1.000000,1.000000,1.000000
451.75,1.000000,0.000000,1.000000,1.000000,1.000000,1.000000,1.000000
452.00,1.000000,0.000000,1.000000,1.000000,1.000000,1.000000,1.000000
452.25,1.000000,0.000000,1.000000,1.000000,1.000000,1.000000,1.000000
452.50,1.000000,0.000000,1.000000,1.000000,1.000000,1.000000,1.000000
452.75,1.000000,0.000000,1.000000,1.000000,1.000000,1.000000,1.000000
453.00,1.000000,0.000000,1.000000,1.000000,1.000000,1.000000,1.000000
453.25,1.000000,0.000000,1.000000,1.000000,1.000000,1.000000,1.000000
453.50,1.000000,0.000000,1.000000,1.000000,1.000000,1.000000,1.000000
453.75,1.000000,0.000000,1.000000,1.000000,1.000000,1.000000,1.000000
454.00,1.000000,0.000000,1.000000,1.000000,1.000000,1.000000,1.000000
454.25,1.000000,0.000000,1.000000,1.000000,1.000000,1.000000,1.000000
454.50,1.000000,0.000000,1.000000,1.000000,1.000000,1.000000,1.000000
454.75,1.000000,0.000000,1.000000,1.000000,1.000000,1.000000,1.000000
455.00,1.000000,0.000000,1.000000,1.000000,1.000000,1.000000,1.000000
455.25,1.000000,0.000000,1.000000,1.000000,1.000000,1.000000,1.000000
455.50,1.000000,0.000000,1.000000,1.000000,1.000000,1.000000,1.000000
455.75,1.000000,0.000000,1.000000,1.000000,1.000000,1.000000,1.000000
456.00,1.000000,0.000000,1.000000,1.000000,1.000000,1.000000,1.000000
456.25,1.000000,0.000000,1.000000,1.000000,1.000000,1.000000,1.000000
456.50,1.000000,0.000000,1.000000,1.000000,1.000000,1.000000,1.000000
456.75,1.000000,0.000000,1.000000,1.000000,1.000000,1.000000,1.000000
457.00,1.000000,0.000000,1.000000,1.000000,1.000000,1.000000,1.000000
457.25,1.000000,0.000000,1.000000,1.000000,1.000000,1.000000,1.000000
457.50,1.000000,0.000000,1.000000,1.000000,1.000000,1.000000,1.000000
457.75,1.000000,0.000000,1.000000,1.000000,1.000000,1.000000,1.000000
458.00,1.000000,0.000000,1.000000,1.000000,1.000000,1.000000,1.000000
458.25,1.000000,0.000000,1.000000,1.000000,1.000000,1.000000,1.000000
458.50,1.000000,0.000000,1.000000,1.000000,1.000000,1.000000,1.000000
458.75,1.000000,0.000000,1.000000,1.000000,1.000000,1.000000,1.000000
459.00,1.000000,0.000000,1.000000,1.000000,1.000000,1.000000,1.000000
459.25,1.000000,0.000000,1.000000,1.000000,1.000000,1.000000,1.000000
459.50,1.000000,0.000000,1.000000,1.000000,1.000000,1.000000,1.000000
459.75,1.000000,0.000000,1.000000,1.000000,1.000000,1.000000,1.000000
460.00,1.000000,0.000000,1.000000,1.000000,1.000000,1.000000,1.000000
460.25,1.000000,0.000000,1.000000,1.000000,1.000000,1.000000,1.000000
460.50,1.000000,0.000000,1.000000,1.000000,1.000000,1.000000,1.000000
460.75,1.000000,0.000000,1.000000,1.000000,1.000000,1.000000,1.000000
461.00,1.000000,0.000000,1.000000,1.000000,1.000000,1.000000,1.000000
461.25,1.000000,0.000000,1.000000,1.000000,1.000000,1.000000,1.000000
461.50,1.000000,0.000000,1.000000,1.000000,1.000000,1.000000,1.000000
461.75,1.000000,0.000000,1.000000,1.000000,1.000000,1.000000,1.000000
462.00,1.000000,0.000000,1.000000,1.000000,1.000000,1.000000,1.000000
462.25,1.000000,0.000000,1.000000,1.000000,1.000000,1.000000,1.000000
462.50,1.000000,0.000000,1.000000,1.000000,1.000000,1.000000,1.000000
462.75,1.000000,0.000000,1.000000,1.000000,1.000000,1.000000,1.000000
463.00,1.000000,0.000000,1.000000,1.000000,1.000000,1.000000,1.000000
463.25,1.000000,0.000000,1.000000,1.000000,1.000000,1.000000,1.000000
463.50,1.000000,0.000000,1.000000,1.000000,1.000000,1.000000,1.000000
463.75,1.000000,0.000000,1.000000,1.000000,1.000000,1.000000,1.000000
464.00,1.000000,0.000000,1.000000,1.000000,1.000000,1.000000,1.000000
464.25,1.000000,0.000000,1.000000,1.000000,1.000000,1.000000,1.000000
464.50,1.000000,0.000000,1.000000,1.000000,1.000000,1.000000,1.000000
464.75,1.000000,0.000000,1.000000,1.000000,1.000000,1.000000,1.000000
465.00,1.000000,0.000000,1.000000,1.000000,1.000000,1.000000,1.000000
465.25,1.000000,0.000000,1.000000,1.000000,1.000000,1.000000,1.000000
465.50,1.000000,0.000000,1.000000,1.000000,1.000000,1.000000,1.000000
465.75,1.000000,0.000000,1.000000,1.000000,1.000000,1.000000,1.000000
466.00,1.000000,0.000000,1.000000,1.000000,1.000000,1.000000,1.000000
466.25,1.000000,0.000000,1.000000,1.000000,1.000000,1.000000,1.000000
466.50,1.000000,0.000000,1.000000,1.000000,1.000000,1.000000,1.000000
466.75,1.000000,0.000000,1.000000,1.000000,1.000000,1.000000,1.000000
467.00,1.000000,0.000000,1.000000,1.000000,1.000000,1.000000,1.000000
467.25,1.000000,0.000000,1.000000,1.000000,1.000000,1.000000,1.000000
467.50,1.000000,0.000000,1.000000,1.000000,1.000000,1.000000,1.000000
467.75,1.000000,0.000000,1.000000,1.000000,1.000000,1.000000,1.000000
468.00,1.000000,0.000000,1.000000,1.000000,1.000000,1.000000,1.000000
468.25,1.000000,0.000000,1.000000,1.000000,1.000000,1.000000,1.000000
468.50,1.000000,0.000000,1.000000,1.000000,1.000000,1.000000,1.000000
468.75,1.000000,0.000000,1.000000,1.000000,1.000000,1.000000,1.000000
469.00,1.000000,0.000000,1.000000,1.000000,1.000000,1.000000,1.000000
469.25,1.000000,0.000000,1.000000,1.000000,1.000000,1.000000,1.000000
469.50,1.000000,0.000000,1.000000,1.000000,1.000000,1.000000,1.000000
469.75,1.000000,0.000000,1.000000,1.000000,1.000000,1.000000,1.000000
470.00,1.000000,0.000000,1.000000,1.000000,1.000000,1.000000,1.000000
470.25,1.000000,0.000000,1.000000,1.000000,1.000000,1.000000,1.000000
470.50,1.000000,0.000000,1.000000,1.000000,1.000000,1.000000,1.000000
470.75,1.000000,0.000000,1.000000,1.000000,1.000000,1.000000,1.000000
471.00,1.000000,0.000000,1.000000,1.000000,1.000000,1.000000,1.000000
471.25,1.000000,0.000000,1.000000,1.000000,1.000000,1.000000,1.000000
471.50,1.000000,0.000000,1.000000,1.000000,1.000000,1.000000,1.000000
471.75,1.000000,0.000000,1.000000,1.000000,1.000000,1.000000,1.000000
472.00,1.000000,0.000000,1.000000,1.000000,1.000000,1.000000,1.000000
472.25,1.000000,0.000000,1.000000,1.000000,1.000000,1.000000,1.000000
472.50,1.000000,0.000000,1.000000,1.000000,1.000000,1.000000,1.000000
472.75,1.000000,0.000000,1.000000,1.000000,1.000000,1.000000,1.000000
473.00,1.000000,0.000000,1.000000,1.000000,1.000000,1.000000,1.000000
473.25,1.000000,0.000000,1.000000,1.000000,1.000000,1.000000,1.000000
473.50,1.000000,0.000000,1.000000,1.000000,1.000000,1.000000,1.000000
473.75,1.000000,0.000000,1.000000,1.000000,1.000000,1.000000,1.000000
474.00,1.000000,0.000000,1.000000,1.000000,1.000000,1.000000,1.000000
474.25,1.000000,0.000000,1.000000,1.000000,1.000000,1.000000,1.000000
474.50,1.000000,0.000000,1.000000,1.000000,1.000000,1.000000,1.000000
474.75,1.000000,0.000000,1.000000,1.000000,1.000000,1.000000,1.000000
475.00,1.000000,0.000000,1.000000,1.000000,1.000000,1.000000,1.000000
475.25,1.000000,0.000000,1.000000,1.000000,1.000000,1.000000,1.000000
475.50,1.000000,0.000000,1.000000,1.000000,1.000000,1.000000,1.000000
475.75,1.000000,0.000000,1.000000,1.000000,1.000000,1.000000,1.000000
476.00,1.000000,0.000000,1.000000,1.000000,1.000000,1.000000,1.000000
476.25,1.000000,0.000000,1.000000,1.000000,1.000000,1.000000,1.000000
476.50,1.000000,0.000000,1.000000,1.000000,1.000000,1.000000,1.000000
476.75,1.000000,0.000000,1.000000,1.000000,1.000000,1.000000,1.000000
477.00,1.000000,0.000000,1.000000,1.000000,1.000000,1.000000,1.000000
477.25,1.000000,0.000000,1.000000,1.000000,1.000000,1.000000,1.000000
477.50,1.000000,0.000000,1.000000,1.000000,1.000000,1.000000,1.000000
477.75,1.000000,0.000000,1.000000,1.000000,1.000000,1.000000,1.000000
478.00,1.000000,0.000000,1.000000,1.000000,1.000000,1.000000,1.000000
478.25,1.000000,0.000000,1.000000,1.000000,1.000000,1.000000,1.000000
478.50,1.000000,0.000000,1.000000,1.000000,1.000000,1.000000,1.000000
478.75,1.000000,0.000000,1.000000,1.000000,1.000000,1.000000,1.000000
479.00,1.000000,0.000000,1.000000,1.000000,1.000000,1.000000,1.000000
479.25,1.000000,0.000000,1.000000,1.000000,1.000000,1.000000,1.000000
479.50,1.000000,0.000000,1.000000,1.000000,1.000000,1.000000,1.000000
479.75,1.000000,0.000000,1.000000,1.000000,1.000000,1.000000,1.000000
480.00,1.000000,0.000000,1.000000,1.000000,1.000000,1.000000,1.000000
480.25,1.000000,0.000000,1.000000,1.000000,1.000000,1.000000,1.000000
480.50,1.000000,0.000000,1.000000,1.000000,1.000000,1.000000,1.000000
480.75,1.000000,0.000000,1.000000,1.000000,1.000000,1.000000,1.000000
481.00,1.000000,0.000000,1.000000,1.000000,1.000000,1.000000,1.000000
481.25,1.000000,0.000000,1.000000,1.000000,1.000000,1.000000,1.000000
481.50,1.000000,0.000000,1.000000,1.000000,1.000000,1.000000,1.000000
481.75,1.000000,0.000000,1.000000,1.000000,1.000000,1.000000,1.000000
482.00,1.000000,0.000000,1.000000,1.000000,1.000000,1.000000,1.000000
482.25,1.000000,0.000000,1.000000,1.000000,1.000000,1.000000,1.000000
482.50,1.000000,0.000000,1.000000,1.000000,1.000000,1.000000,1.000000
482.75,1.000000,0.000000,1.000000,1.000000,1.000000,1.000000,1.000000
483.00,1.000000,0.000000,1.000000,1.000000,1.000000,1.000000,1.000000
483.25,1.000000,0.000000,1.000000,1.000000,1.000000,1.000000,1.000000
483.50,1.000000,0.000000,1.000000,1.000000,1.000000,1.000000,1.000000
483.75,1.000000,0.000000,1.000000,1.000000,1.000000,1.000000,1.000000
484.00,1.000000,0.000000,1.000000,1.000000,1.000000,1.000000,1.000000
484.25,1.000000,0.000000,1.000000,1.000000,1.000000,1.000000,1.000000
484.50,1.000000,0.000000,1.000000,1.000000,1.000000,1.000000,1.000000
484.75,1.000000,0.000000,1.000000,1.000000,1.000000,1.000000,1.000000
485.00,1.000000,0.000000,1.000000,1.000000,1.000000,1.000000,1.000000
485.25,1.000000,0.000000,1.000000,1.000000,1.000000,1.000000,1.000000
485.50,1.000000,0.000000,1.000000,1.000000,1.000000,1.000000,1.000000
485.75,1.000000,0.000000,1.000000,1.000000,1.000000,1.000000,1.000000
486.00,1.000000,0.000000,1.000000,1.000000,1.000000,1.000000,1.000000
486.25,1.000000,0.000000,1.000000,1.000000,1.000000,1.000000,1.000000
486.50,1.000000,0.000000,1.000000,1.000000,1.000000,1.000000,1.000000
486.75,1.000000,0.000000,1.000000,1.000000,1.000000,1.000000,1.000000
487.00,1.000000,0.000000,1.000000,1.000000,1.000000,1.000000,1.000000
487.25,1.000000,0.000000,1.000000,1.000000,1.000000,1.000000,1.000000
487.50,1.000000,0.000000,1.000000,1.000000,1.000000,1.000000,1.000000
487.75,1.000000,0.000000,1.000000,1.000000,1.000000,1.000000,1.000000
488.00,1.000000,0.000000,1.000000,1.000000,1.000000,1.000000,1.000000
488.25,1.000000,0.000000,1.000000,1.000000,1.000000,1.000000,1.000000
488.50,1.000000,0.000000,1.000000,1.000000,1.000000,1.000000,1.000000
488.75,1.000000,0.000000,1.000000,1.000000,1.000000,1.000000,1.000000
489.00,1.000000,0.000000,1.000000,1.000000,1.000000,1.000000,1.000000
489.25,1.000000,0.000000,1.000000,1.000000,1.000000,1.000000,1.000000
489.50,1.000000,0.000000,1.000000,1.000000,1.000000,1.000000,1.000000
489.75,1.000000,0.000000,1.000000,1.000000,1.000000,1.000000,1.000000
490.00,1.000000,0.000000,1.000000,1.000000,1.000000,1.000000,1.000000
490.25,1.000000,0.000000,1.000000,1.000000,1.000000,1.000000,1.000000
490.50,1.000000,0.000000,1.000000,1.000000,1.000000,1.000000,1.000000
490.75,1.000000,0.000000,1.000000,1.000000,1.000000,1.000000,1.000000
491.00,1.000000,0.000000,1.000000,1.000000,1.000000,1.000000,1.000000
491.25,1.000000,0.000000,1.000000,1.000000,1.000000,1.000000,1.000000
491.50,1.000000,0.000000,1.000000,1.000000,1.000000,1.000000,1.000000
491.75,1.000000,0.000000,1.000000,1.000000,1.000000,1.000000,1.000000
492.00,1.000000,0.000000,1.000000,1.000000,1.000000,1.000000,1.000000
492.25,1.000000,0.000000,1.000000,1.000000,1.000000,1.000000,1.000000
492.50,1.000000,0.000000,1.000000,1.000000,1.000000,1.000000,1.000000
492.75,1.000000,0.000000,1.000000,1.000000,1.000000,1.000000,1.000000
493.00,1.000000,0.000000,1.000000,1.000000,1.000000,1.000000,1.000000
493.25,1.000000,0.000000,1.000000,1.000000,1.000000,1.000000,1.000000
493.50,1.000000,0.000000,1.000000,1.000000,1.000000,1.000000,1.000000
493.75,1.000000,0.000000,1.000000,1.000000,1.000000,1.000000,1.000000
494.00,1.000000,0.000000,1.000000,1.000000,1.000000,1.000000,1.000000
494.25,1.000000,0.000000,1.000000,1.000000,1.000000,1.000000,1.000000
494.50,1.000000,0.000000,1.000000,1.000000,1.000000,1.000000,1.000000
494.75,1.000000,0.000000,1.000000,1.000000,1.000000,1.000000,1.000000
495.00,1.000000,0.000000,1.000000,1.000000,1.000000,1.000000,1.000000
495.25,1.000000,0.000000,1.000000,1.000000,1.000000,1.000000,1.000000
495.50,1.000000,0.000000,1.000000,1.000000,1.000000,1.000000,1.000000
495.75,1.000000,0.000000,1.000000,1.000000,1.000000,1.000000,1.000000
496.00,1.000000,0.000000,1.000000,1.000000,1.000000,1.000000,1.000000
496.25,1.000000,0.000000,1.000000,1.000000,1.000000,1.000000,1.000000
496.50,1.000000,0.000000,1.000000,1.000000,1.000000,1.000000,1.000000
496.75,1.000000,0.000000,1.000000,1.000000,1.000000,1.000000,1.000000
497.00,1.000000,0.000000,1.000000,1.000000,1.000000,1.000000,1.000000
497.25,1.000000,0.000000,1.000000,1.000000,1.000000,1.000000,1.000000
497.50,1.000000,0.000000,1.000000,1.000000,1.000000,1.000000,1.000000
497.75,1.000000,0.000000,1.000000,1.000000,1.000000,1.000000,1.000000
498.00,1.000000,0.000000,1.000000,1.000000,1.000000,1.000000,1.000000
498.25,1.000000,0.000000,1.000000,1.000000,1.000000,1.000000,1.000000
498.50,1.000000,0.000000,1.000000,1.000000,1.000000,1.000000,1.000000
498.75,1.000000,0.000000,1.000000,1.000000,1.000000,1.000000,1.000000
499.00,1.000000,0.000000,1.000000,1.000000,1.000000,1.000000,1.000000
499.25,1.000000,0.000000,1.000000,1.000000,1.000000,1.000000,1.000000
499.50,1.000000,0.000000,1.000000,1.000000,1.000000,1.000000,1.000000
499.75,1.000000,0.000000,1.000000,1.000000,1.000000,1.000000,1.000000
500.00,1.000000,0.000000,1.000000,1.000000,1.000000,1.000000,1.000000
500.25,1.000000,0.000000,1.000000,1.000000,1.000000,1.000000,1.000000
500.50,1.000000,0.000000,1.000000,1.000000,1.000000,1.000000,1.000000
500.75,1.000000,0.000000,1.000000,1.000000,1.000000,1.000000,1.000000
501.00,1.000000,0.000000,1.000000,1.000000,1.000000,1.000000,1.000000
501.25,1.000000,0.000000,1.000000,1.000000,1.000000,1.000000,1.000000
501.50,1.000000,0.000000,1.000000,1.000000,1.000000,1.000000,1.000000
501.75,1.000000,0.000000,1.000000,1.000000,1.000000,1.000000,1.000000
502.00,1.000000,0.000000,1.000000,1.000000,1.000000,1.000000,1.000000
502.25,1.000000,0.000000,1.000000,1.000000,1.000000,1.000000,1.000000
502.50,1.000000,0.000000,1.000000,1.000000,1.000000,1.000000,1.000000
502.75,1.000000,0.000000,1.000000,1.000000,1.000000,1.000000,1.000000
503.00,1.000000,0.000000,1.000000,1.000000,1.000000,1.000000,1.000000
503.25,1.000000,0.000000,1.000000,1.000000,1.000000,1.000000,1.000000
503.50,1.000000,0.000000,1.000000,1.000000,1.000000,1.000000,1.000000
503.75,1.000000,0.000000,1.000000,1.000000,1.000000,1.000000,1.000000
504.00,1.000000,0.000000,1.000000,1.000000,1.000000,1.000000,1.000000
504.25,1.000000,0.000000,1.000000,1.000000,1.000000,1.000000,1.000000
504.50,1.000000,0.000000,1.000000,1.000000,1.000000,1.000000,1.000000
504.75,1.000000,0.000000,1.000000,1.000000,1.000000,1.000000,1.000000
505.00,1.000000,0.000000,1.000000,1.000000,1.000000,1.000000,1.000000
505.25,1.000000,0.000000,1.000000,1.000000,1.000000,1.000000,1.000000
505.50,1.000000,0.000000,1.000000,1.000000,1.000000,1.000000,1.000000
505.75,1.000000,0.000000,1.000000,1.000000,1.000000,1.000000,1.000000
506.00,1.000000,0.000000,1.000000,1.000000,1.000000,1.000000,1.000000
506.25,1.000000,0.000000,1.000000,1.000000,1.000000,1.000000,1.000000
506.50,1.000000,0.000000,1.000000,1.000000,1.000000,1.000000,1.000000
506.75,1.000000,0.000000,1.000000,1.000000,1.000000,1.000000,1.000000
507.00,1.000000,0.000000,1.000000,1.000000,1.000000,1.000000,1.000000
507.25,1.000000,0.000000,1.000000,1.000000,1.000000,1.000000,1.000000
507.50,1.000000,0.000000,1.000000,1.000000,1.000000,1.000000,1.000000
507.75,1.000000,0.000000,1.000000,1.000000,1.000000,1.000000,1.000000
508.00,1.000000,0.000000,1.000000,1.000000,1.000000,1.000000,1.000000
508.25,1.000000,0.000000,1.000000,1.000000,1.000000,1.000000,1.000000
508.50,1.000000,0.000000,1.000000,1.000000,1.000000,1.000000,1.000000
508.75,1.000000,0.000000,1.000000,1.000000,1.000000,1.000000,1.000000
509.00,1.000000,0.000000,1.000000,1.000000,1.000000,1.000000,1.000000
509.25,1.000000,0.000000,1.000000,1.000000,1.000000,1.000000,1.000000
509.50,1.000000,0.000000,1.000000,1.000000,1.000000,1.000000,1.000000
509.75,1.000000,0.000000,1.000000,1.000000,1.000000,1.000000,1.000000
510.00,1.000000,0.000000,1.000000,1.000000,1.000000,1.000000,1.000000
510.25,1.000000,0.000000,1.000000,1.000000,1.000000,1.000000,1.000000
510.50,1.000000,0.000000,1.000000,1.000000,1.000000,1.000000,1.000000
510.75,1.000000,0.000000,1.000000,1.000000,1.000000,1.000000,1.000000
511.00,1.000000,0.000000,1.000000,1.000000,1.000000,1.000000,1.000000
511.25,1.000000,0.000000,1.000000,1.000000,1.000000,1.000000,1.000000
511.50,1.000000,0.000000,1.000000,1.000000,1.000000,1.000000,1.000000
511.75,1.000000,0.000000,1.000000,1.000000,1.000000,1.000000,1.000000
512.00,1.000000,0.000000,1.000000,1.000000,1.000000,1.000000,1.000000
512.25,1.000000,0.000000,1.000000,1.000000,1.000000,1.000000,1.000000
512.50,1.000000,0.000000,1.000000,1.000000,1.000000,1.000000,1.000000
512.75,1.000000,0.000000,1.000000,1.000000,1.000000,1.000000,1.000000
513.00,1.000000,0.000000,1.000000,1.000000,1.000000,1.000000,1.000000
513.25,1.000000,0.000000,1.000000,1.000000,1.000000,1.000000,1.000000
513.50,1.000000,0.000000,1.000000,1.000000,1.000000,1.000000,1.000000
513.75,1.000000,0.000000,1.000000,1.000000,1.000000,1.000000,1.000000
514.00,1.000000,0.000000,1.000000,1.000000,1.000000,1.000000,1.000000
514.25,1.000000,0.000000,1.000000,1.000000,1.000000,1.000000,1.000000
514.50,1.000000,0.000000,1.000000,1.000000,1.000000,1.000000,1.000000
514.75,1.000000,0.000000,1.000000,1.000000,1.000000,1.000000,1.000000
515.00,1.000000,0.000000,1.000000,1.000000,1.000000,1.000000,1.000000
515.25,1.000000,0.000000,1.000000,1.000000,1.000000,1.000000,1.000000
515.50,1.000000,0.000000,1.000000,1.000000,1.000000,1.000000,1.000000
515.75,1.000000,0.000000,1.000000,1.000000,1.000000,1.000000,1.000000
516.00,1.000000,0.000000,1.000000,1.000000,1.000000,1.000000,1.000000
516.25,1.000000,0.000000,1.000000,1.000000,1.000000,1.000000,1.000000
516.50,1.000000,0.000000,1.000000,1.000000,1.000000,1.000000,1.000000
516.75,1.000000,0.000000,1.000000,1.000000,1.000000,1.000000,1.000000
517.00,1.000000,0.000000,1.000000,1.000000,1.000000,1.000000,1.000000
517.25,1.000000,0.000000,1.000000,1.000000,1.000000,1.000000,1.000000
517.50,1.000000,0.000000,1.000000,1.000000,1.000000,1.000000,1.000000
517.75,1.000000,0.000000,1.000000,1.000000,1.000000,1.000000,1.000000
518.00,1.000000,0.000000,1.000000,1.000000,1.000000,1.000000,1.000000
518.25,1.000000,0.000000,1.000000,1.000000,1.000000,1.000000,1.000000
518.50,1.000000,0.000000,1.000000,1.000000,1.000000,1.000000,1.000000
518.75,1.000000,0.000000,1.000000,1.000000,1.000000,1.000000,1.000000
519.00,1.000000,0.000000,1.000000,1.000000,1.000000,1.000000,1.000000
519.25,1.000000,0.000000,1.000000,1.000000,1.000000,1.000000,1.000000
519.50,1.000000,0.000000,1.000000,1.000000,1.000000,1.000000,1.000000
519.75,1.000000,0.000000,1.000000,1.000000,1.000000,1.000000,1.000000
520.00,1.000000,0.000000,1.000000,1.000000,1.000000,1.000000,1.000000
520.25,1.000000,0.000000,1.000000,1.000000,1.000000,1.000000,1.000000
520.50,1.000000,0.000000,1.000000,1.000000,1.000000,1.000000,1.000000
520.75,1.000000,0.000000,1.000000,1.000000,1.000000,1.000000,1.000000
521.00,1.000000,0.000000,1.000000,1.000000,1.000000,1.000000,1.000000
521.25,1.000000,0.000000,1.000000,1.000000,1.000000,1.000000,1.000000
521.50,1.000000,0.000000,1.000000,1.000000,1.000000,1.000000,1.000000
521.75,1.000000,0.000000,1.000000,1.000000,1.000000,1.000000,1.000000
522.00,1.000000,0.000000,1.000000,1.000000,1.000000,1.000000,1.000000
522.25,1.000000,0.000000,1.000000,1.000000,1.000000,1.000000,1.000000
522.50,1.000000,0.000000,1.000000,1.000000,1.000000,1.000000,1.000000
522.75,1.000000,0.000000,1.000000,1.000000,1.000000,1.000000,1.000000
523.00,1.000000,0.000000,1.000000,1.000000,1.000000,1.000000,1.000000
523.25,1.000000,0.000000,1.000000,1.000000,1.000000,1.000000,1.000000
523.50,1.000000,0.000000,1.000000,1.000000,1.000000,1.000000,1.000000
523.75,1.000000,0.000000,1.000000,1.000000,1.000000,1.000000,1.000000
524.00,1.000000,0.000000,1.000000,1.000000,1.000000,1.000000,1.000000
524.25,1.000000,0.000000,1.000000,1.000000,1.000000,1.000000,1.000000
524.50,1.000000,0.000000,1.000000,1.000000,1.000000,1.000000,1.000000
524.75,1.000000,0.000000,1.000000,1.000000,1.000000,1.000000,1.000000
525.00,1.000000,0.000000,1.000000,1.000000,1.000000,1.000000,1.000000
525.25,1.000000,0.000000,1.000000,1.000000,1.000000,1.000000,1.000000
525.50,1.000000,0.000000,1.000000,1.000000,1.000000,1.000000,1.000000
525.75,1.000000,0.000000,1.000000,1.000000,1.000000,1.000000,1.000000
526.00,1.000000,0.000000,1.000000,1.000000,1.000000,1.000000,1.000000
526.25,1.000000,0.000000,1.000000,1.000000,1.000000,1.000000,1.000000
526.50,1.000000,0.000000,1.000000,1.000000,1.000000,1.000000,1.000000
526.75,1.000000,0.000000,1.000000,1.000000,1.000000,1.000000,1.000000
527.00,1.000000,0.000000,1.000000,1.000000,1.000000,1.000000,1.000000
527.25,1.000000,0.000000,1.000000,1.000000,1.000000,1.000000,1.000000
527.50,1.000000,0.000000,1.000000,1.000000,1.000000,1.000000,1.000000
527.75,1.000000,0.000000,1.000000,1.000000,1.000000,1.000000,1.000000
528.00,1.000000,0.000000,1.000000,1.000000,1.000000,1.000000,1.000000
528.25,1.000000,0.000000,1.000000,1.000000,1.000000,1.000000,1.000000
528.50,1.000000,0.000000,1.000000,1.000000,1.000000,1.000000,1.000000
528.75,1.000000,0.000000,1.000000,1.000000,1.000000,1.000000,1.000000
529.00,1.000000,0.000000,1.000000,1.000000,1.000000,1.000000,1.000000
529.25,1.000000,0.000000,1.000000,1.000000,1.000000,1.000000,1.000000
529.50,1.000000,0.000000,1.000000,1.000000,1.000000,1.000000,1.000000
529.75,1.000000,0.000000,1.000000,1.000000,1.000000,1.000000,1.000000
530.00,1.000000,0.000000,1.000000,1.000000,1.000000,1.000000,1.000000
530.25,1.000000,0.000000,1.000000,1.000000,1.000000,1.000000,1.000000
530.50,1.000000,0.000000,1.000000,1.000000,1.000000,1.000000,1.000000
530.75,1.000000,0.000000,1.000000,1.000000,1.000000,1.000000,1.000000
531.00,1.000000,0.000000,1.000000,1.000000,1.000000,1.000000,1.000000
531.25,1.000000,0.000000,1.000000,1.000000,1.000000,1.000000,1.000000
531.50,1.000000,0.000000,1.000000,1.000000,1.000000,1.000000,1.000000
531.75,1.000000,0.000000,1.000000,1.000000,1.000000,1.000000,1.000000
532.00,1.000000,0.000000,1.000000,1.000000,1.000000,1.000000,1.000000
532.25,1.000000,0.000000,1.000000,1.000000,1.000000,1.000000,1.000000
532.50,1.000000,0.000000,1.000000,1.000000,1.000000,1.000000,1.000000
532.75,1.000000,0.000000,1.000000,1.000000,1.000000,1.000000,1.000000
533.00,1.000000,0.000000,1.000000,1.000000,1.000000,1.000000,1.000000
533.25,1.000000,0.000000,1.000000,1.000000,1.000000,1.000000,1.000000
533.50,1.000000,0.000000,1.000000,1.000000,1.000000,1.000000,1.000000
533.75,1.000000,0.000000,1.000000,1.000000,1.000000,1.000000,1.000000
534.00,1.000000,0.000000,1.000000,1.000000,1.000000,1.000000,1.000000
534.25,1.000000,0.000000,1.000000,1.000000,1.000000,1.000000,1.000000
534.50,1.000000,0.000000,1.000000,1.000000,1.000000,1.000000,1.000000
534.75,1.000000,0.000000,1.000000,1.000000,1.000000,1.000000,1.000000
535.00,1.000000,0.000000,1.000000,1.000000,1.000000,1.000000,1.000000
535.25,1.000000,0.000000,1.000000,1.000000,1.000000,1.000000,1.000000
535.50,1.000000,0.000000,1.000000,1.000000,1.000000,1.000000,1.000000
535.75,1.000000,0.000000,1.000000,1.000000,1.000000,1.000000,1.000000
536.00,0.966667,0.066667,0.833333,1.000000,1.000000,1.000000,1.000000
536.25,0.966667,0.066667,0.833333,1.000000,1.000000,1.000000,1.000000
536.50,0.966667,0.066667,0.833333,1.000000,1.000000,1.000000,1.000000
536.75,0.966667,0.066667,0.833333,1.000000,1.000000,1.000000,1.000000
537.00,0.966667,0.066667,0.833333,1.000000,1.000000,1.000000,1.000000
537.25,0.966667,0.066667,0.833333,1.000000,1.000000,1.000000,1.000000
537.50,0.966667,0.066667,0.833333,1.000000,1.000000,1.000000,1.000000
537.75,0.966667,0.066667,0.833333,1.000000,1.000000,1.000000,1.000000
538.00,0.966667,0.066667,0.833333,1.000000,1.000000,1.000000,1.000000
538.25,0.966667,0.066667,0.833333,1.000000,1.000000,1.000000,1.000000
538.50,0.966667,0.066667,0.833333,1.000000,1.000000,1.000000,1.000000
538.75,0.966667,0.066667,0.833333,1.000000,1.000000,1.000000,1.000000
539.00,0.966667,0.066667,0.833333,1.000000,1.000000,1.000000,1.000000
539.25,0.966667,0.066667,0.833333,1.000000,1.000000,1.000000,1.000000
539.50,0.966667,0.066667,0.833333,1.000000,1.000000,1.000000,1.000000
539.75,0.966667,0.066667,0.833333,1.000000,1.000000,1.000000,1.000000
540.00,0.966667,0.066667,0.833333,1.000000,1.000000,1.000000,1.000000
540.25,0.966667,0.066667,0.833333,1.000000,1.000000,1.000000,1.000000
540.50,0.966667,0.066667,0.833333,1.000000,1.000000,1.000000,1.000000
540.75,0.966667,0.066667,0.833333,1.000000,1.000000,1.000000,1.000000
541.00,0.966667,0.066667,0.833333,1.000000,1.000000,1.000000,1.000000
541.25,0.966667,0.066667,0.833333,1.000000,1.000000,1.000000,1.000000
541.50,0.966667,0.066667,0.833333,1.000000,1.000000,1.000000,1.000000
541.75,0.966667,0.066667,0.833333,1.000000,1.000000,1.000000,1.000000
542.00,0.966667,0.066667,0.833333,1.000000,1.000000,1.000000,1.000000
542.25,0.966667,0.066667,0.833333,1.000000,1.000000,1.000000,1.000000
542.50,0.966667,0.066667,0.833333,1.000000,1.000000,1.000000,1.000000
542.75,0.966667,0.066667,0.833333,1.000000,1.000000,1.000000,1.000000
543.00,0.966667,0.066667,0.833333,1.000000,1.000000,1.000000,1.000000
543.25,0.966667,0.066667,0.833333,1.000000,1.000000,1.000000,1.000000
543.50,0.966667,0.066667,0.833333,1.000000,1.000000,1.000000,1.000000
543.75,0.966667,0.066667,0.833333,1.000000,1.000000,1.000000,1.000000
544.00,0.966667,0.066667,0.833333,1.000000,1.000000,1.000000,1.000000
544.25,0.966667,0.066667,0.833333,1.000000,1.000000,1.000000,1.000000
544.50,0.966667,0.066667,0.833333,1.000000,1.000000,1.000000,1.000000
544.75,0.966667,0.066667,0.833333,1.000000,1.000000,1.000000,1.000000
545.00,0.966667,0.066667,0.833333,1.000000,1.000000,1.000000,1.000000
545.25,0.966667,0.066667,0.833333,1.000000,1.000000,1.000000,1.000000
545.50,0.966667,0.066667,0.833333,1.000000,1.000000,1.000000,1.000000
545.75,0.966667,0.066667,0.833333,1.000000,1.000000,1.000000,1.000000
546.00,0.966667,0.066667,0.833333,1.000000,1.000000,1.000000,1.000000
546.25,0.966667,0.066667,0.833333,1.000000,1.000000,1.000000,1.000000
546.50,0.966667,0.066667,0.833333,1.000000,1.000000,1.000000,1.000000
546.75,0.966667,0.066667,0.833333,1.000000,1.000000,1.000000,1.000000
547.00,0.966667,0.066667,0.833333,1.000000,1.000000,1.000000,1.000000
547.25,0.966667,0.066667,0.833333,1.000000,1.000000,1.000000,1.000000
547.50,0.966667,0.066667,0.833333,1.000000,1.000000,1.000000,1.000000
547.75,0.966667,0.066667,0.833333,1.000000,1.000000,1.000000,1.000000
548.00,0.966667,0.066667,0.833333,1.000000,1.000000,1.000000,1.000000
548.25,0.966667,0.066667,0.833333,1.000000,1.000000,1.000000,1.000000
548.50,0.966667,0.066667,0.833333,1.000000,1.000000,1.000000,1.000000
548.75,0.966667,0.066667,0.833333,1.000000,1.000000,1.000000,1.000000
549.00,0.966667,0.066667,0.833333,1.000000,1.000000,1.000000,1.000000
549.25,0.966667,0.066667,0.833333,1.000000,1.000000,1.000000,1.000000
549.50,0.966667,0.066667,0.833333,1.000000,1.000000,1.000000,1.000000
549.75,0.966667,0.066667,0.833333,1.000000,1.000000,1.000000,1.000000
550.00,0.966667,0.066667,0.833333,1.000000,1.000000,1.000000,1.000000
550.25,0.966667,0.066667,0.833333,1.000000,1.000000,1.000000,1.000000
550.50,0.966667,0.066667,0.833333,1.000000,1.000000,1.000000,1.000000
550.75,0.966667,0.066667,0.833333,1.000000,1.000000,1.000000,1.000000
551.00,0.966667,0.066667,0.833333,1.000000,1.000000,1.000000,1.000000
551.25,0.966667,0.066667,0.833333,1.000000,1.000000,1.000000,1.000000
551.50,0.966667,0.066667,0.833333,1.000000,1.000000,1.000000,1.000000
551.75,0.966667,0.066667,0.833333,1.000000,1.000000,1.000000,1.000000
552.00,0.966667,0.066667,0.833333,1.000000,1.000000,1.000000,1.000000
552.25,0.966667,0.066667,0.833333,1.000000,1.000000,1.000000,1.000000
552.50,0.966667,0.066667,0.833333,1.000000,1.000000,1.000000,1.000000
552.75,0.966667,0.066667,0.833333,1.000000,1.000000,1.000000,1.000000
553.00,0.966667,0.066667,0.833333,1.000000,1.000000,1.000000,1.000000
553.25,0.966667,0.066667,0.833333,1.000000,1.000000,1.000000,1.000000
553.50,0.966667,0.066667,0.833333,1.000000,1.000000,1.000000,1.000000
553.75,0.966667,0.066667,0.833333,1.000000,1.000000,1.000000,1.000000
554.00,0.966667,0.066667,0.833333,1.000000,1.000000,1.000000,1.000000
554.25,0.966667,0.066667,0.833333,1.000000,1.000000,1.000000,1.000000
554.50,0.966667,0.066667,0.833333,1.000000,1.000000,1.000000,1.000000
554.75,0.966667,0.066667,0.833333,1.000000,1.000000,1.000000,1.000000
555.00,0.966667,0.066667,0.833333,1.000000,1.000000,1.000000,1.000000
555.25,0.966667,0.066667,0.833333,1.000000,1.000000,1.000000,1.000000
555.50,0.966667,0.066667,0.833333,1.000000,1.000000,1.000000,1.000000
555.75,0.966667,0.066667,0.833333,1.000000,1.000000,1.000000,1.000000
556.00,0.966667,0.066667,0.833333,1.000000,1.000000,1.000000,1.000000
556.25,0.966667,0.066667,0.833333,1.000000,1.000000,1.000000,1.000000
556.50,0.966667,0.066667,0.833333,1.000000,1.000000,1.000000,1.000000
556.75,0.966667,0.066667,0.833333,1.000000,1.000000,1.000000,1.000000
557.00,0.966667,0.066667,0.833333,1.000000,1.000000,1.000000,1.000000
557.25,0.966667,0.066667,0.833333,1.000000,1.000000,1.000000,1.000000
557.50,0.966667,0.066667,0.833333,1.000000,1.000000,1.000000,1.000000
557.75,0.966667,0.066667,0.833333,1.000000,1.000000,1.000000,1.000000
558.00,0.966667,0.066667,0.833333,1.000000,1.000000,1.000000,1.000000
558.25,0.966667,0.066667,0.833333,1.000000,1.000000,1.000000,1.000000
558.50,0.966667,0.066667,0.833333,1.000000,1.000000,1.000000,1.000000
558.75,0.966667,0.066667,0.833333,1.000000,1.000000,1.000000,1.000000
559.00,0.966667,0.066667,0.833333,1.000000,1.000000,1.000000,1.000000
559.25,0.966667,0.066667,0.833333,1.000000,1.000000,1.000000,1.000000
559.50,0.966667,0.066667,0.833333,1.000000,1.000000,1.000000,1.000000
559.75,0.966667,0.066667,0.833333,1.000000,1.000000,1.000000,1.000000
560.00,0.966667,0.066667,0.833333,1.000000,1.000000,1.000000,1.000000
560.25,0.966667,0.066667,0.833333,1.000000,1.000000,1.000000,1.000000
560.50,0.966667,0.066667,0.833333,1.000000,1.000000,1.000000,1.000000
560.75,0.966667,0.066667,0.833333,1.000000,1.000000,1.000000,1.000000
561.00,0.966667,0.066667,0.833333,1.000000,1.000000,1.000000,1.000000
561.25,0.966667,0.066667,0.833333,1.000000,1.000000,1.000000,1.000000
561.50,0.966667,0.066667,0.833333,1.000000,1.000000,1.000000,1.000000
561.75,0.966667,0.066667,0.833333,1.000000,1.000000,1.000000,1.000000
562.00,0.966667,0.066667,0.833333,1.000000,1.000000,1.000000,1.000000
562.25,0.966667,0.066667,0.833333,1.000000,1.000000,1.000000,1.000000
562.50,0.966667,0.066667,0.833333,1.000000,1.000000,1.000000,1.000000
562.75,0.966667,0.066667,0.833333,1.000000,1.000000,1.000000,1.000000
563.00,0.966667,0.066667,0.833333,1.000000,1.000000,1.000000,1.000000
563.25,0.966667,0.066667,0.833333,1.000000,1.000000,1.000000,1.000000
563.50,0.966667,0.066667,0.833333,1.000000,1.000000,1.000000,1.000000
563.75,0.966667,0.066667,0.833333,1.000000,1.000000,1.000000,1.000000
564.00,0.966667,0.066667,0.833333,1.000000,1.000000,1.000000,1.000000
564.25,0.966667,0.066667,0.833333,1.000000,1.000000,1.000000,1.000000
564.50,0.966667,0.066667,0.833333,1.000000,1.000000,1.000000,1.000000
564.75,0.966667,0.066667,0.833333,1.000000,1.000000,1.000000,1.000000
565.00,0.966667,0.066667,0.833333,1.000000,1.000000,1.000000,1.000000
565.25,0.966667,0.066667,0.833333,1.000000,1.000000,1.000000,1.000000
565.50,0.966667,0.066667,0.833333,1.000000,1.000000,1.000000,1.000000
565.75,0.966667,0.066667,0.833333,1.000000,1.000000,1.000000,1.000000
566.00,0.966667,0.066667,0.833333,1.000000,1.000000,1.000000,1.000000
566.25,0.966667,0.066667,0.833333,1.000000,1.000000,1.000000,1.000000
566.50,0.966667,0.066667,0.833333,1.000000,1.000000,1.000000,1.000000
566.75,0.966667,0.066667,0.833333,1.000000,1.000000,1.000000,1.000000
567.00,0.966667,0.066667,0.833333,1.000000,1.000000,1.000000,1.000000
567.25,0.966667,0.066667,0.833333,1.000000,1.000000,1.000000,1.000000
567.50,0.966667,0.066667,0.833333,1.000000,1.000000,1.000000,1.000000
567.75,0.966667,0.066667,0.833333,1.000000,1.000000,1.000000,1.000000
568.00,0.966667,0.066667,0.833333,1.000000,1.000000,1.000000,1.000000
568.25,0.966667,0.066667,0.833333,1.000000,1.000000,1.000000,1.000000
568.50,0.966667,0.066667,0.833333,1.000000,1.000000,1.000000,1.000000
568.75,0.966667,0.066667,0.833333,1.000000,1.000000,1.000000,1.000000
569.00,0.966667,0.066667,0.833333,1.000000,1.000000,1.000000,1.000000
569.25,0.966667,0.066667,0.833333,1.000000,1.000000,1.000000,1.000000
569.50,0.966667,0.066667,0.833333,1.000000,1.000000,1.000000,1.000000
569.75,0.966667,0.066667,0.833333,1.000000,1.000000,1.000000,1.000000
570.00,0.966667,0.066667,0.833333,1.000000,1.000000,1.000000,1.000000
570.25,0.966667,0.066667,0.833333,1.000000,1.000000,1.000000,1.000000
570.50,0.966667,0.066667,0.833333,1.000000,1.000000,1.000000,1.000000
570.75,0.966667,0.066667,0.833333,1.000000,1.000000,1.000000,1.000000
571.00,0.966667,0.066667,0.833333,1.000000,1.000000,1.000000,1.000000
571.25,0.966667,0.066667,0.833333,1.000000,1.000000,1.000000,1.000000
571.50,0.966667,0.066667,0.833333,1.000000,1.000000,1.000000,1.000000
571.75,0.966667,0.066667,0.833333,1.000000,1.000000,1.000000,1.000000
572.00,0.966667,0.066667,0.833333,1.000000,1.000000,1.000000,1.000000
572.25,0.966667,0.066667,0.833333,1.000000,1.000000,1.000000,1.000000
572.50,0.966667,0.066667,0.833333,1.000000,1.000000,1.000000,1.000000
572.75,0.966667,0.066667,0.833333,1.000000,1.000000,1.000000,1.000000
573.00,0.966667,0.066667,0.833333,1.000000,1.000000,1.000000,1.000000
573.25,0.966667,0.066667,0.833333,1.000000,1.000000,1.000000,1.000000
573.50,0.966667,0.066667,0.833333,1.000000,1.000000,1.000000,1.000000
573.75,0.966667,0.066667,0.833333,1.000000,1.000000,1.000000,1.000000
574.00,0.966667,0.066667,0.833333,1.000000,1.000000,1.000000,1.000000
574.25,0.966667,0.066667,0.833333,1.000000,1.000000,1.000000,1.000000
574.50,0.966667,0.066667,0.833333,1.000000,1.000000,1.000000,1.000000
574.75,0.966667,0.066667,0.833333,1.000000,1.000000,1.000000,1.000000
575.00,0.966667,0.066667,0.833333,1.000000,1.000000,1.000000,1.000000
575.25,0.966667,0.066667,0.833333,1.000000,1.000000,1.000000,1.000000
575.50,0.966667,0.066667,0.833333,1.000000,1.000000,1.000000,1.000000
575.75,0.966667,0.066667,0.833333,1.000000,1.000000,1.000000,1.000000
576.00,0.966667,0.066667,0.833333,1.000000,1.000000,1.000000,1.000000
576.25,0.966667,0.066667,0.833333,1.000000,1.000000,1.000000,1.000000
576.50,0.966667,0.066667,0.833333,1.000000,1.000000,1.000000,1.000000
576.75,0.966667,0.066667,0.833333,1.000000,1.000000,1.000000,1.000000
577.00,0.966667,0.066667,0.833333,1.000000,1.000000,1.000000,1.000000
577.25,0.966667,0.066667,0.833333,1.000000,1.000000,1.000000,1.000000
577.50,0.966667,0.066667,0.833333,1.000000,1.000000,1.000000,1.000000
577.75,0.966667,0.066667,0.833333,1.000000,1.000000,1.000000,1.000000
578.00,0.966667,0.066667,0.833333,1.000000,1.000000,1.000000,1.000000
578.25,0.966667,0.066667,0.833333,1.000000,1.000000,1.000000,1.000000
578.50,0.966667,0.066667,0.833333,1.000000,1.000000,1.000000,1.000000
578.75,0.966667,0.066667,0.833333,1.000000,1.000000,1.000000,1.000000
579.00,0.966667,0.066667,0.833333,1.000000,1.000000,1.000000,1.000000
579.25,0.966667,0.066667,0.833333,1.000000,1.000000,1.000000,1.000000
579.50,0.966667,0.066667,0.833333,1.000000,1.000000,1.000000,1.000000
579.75,0.966667,0.066667,0.833333,1.000000,1.000000,1.000000,1.000000
580.00,0.966667,0.066667,0.833333,1.000000,1.000000,1.000000,1.000000
580.25,0.966667,0.066667,0.833333,1.000000,1.000000,1.000000,1.000000
580.50,0.966667,0.066667,0.833333,1.000000,1.000000,1.000000,1.000000
580.75,0.966667,0.066667,0.833333,1.000000,1.000000,1.000000,1.000000
581.00,0.966667,0.066667,0.833333,1.000000,1.000000,1.000000,1.000000
581.25,0.966667,0.066667,0.833333,1.000000,1.000000,1.000000,1.000000
581.50,0.966667,0.066667,0.833333,1.000000,1.000000,1.000000,1.000000
581.75,0.966667,0.066667,0.833333,1.000000,1.000000,1.000000,1.000000
582.00,0.966667,0.066667,0.833333,1.000000,1.000000,1.000000,1.000000
582.25,0.966667,0.066667,0.833333,1.000000,1.000000,1.000000,1.000000
582.50,0.966667,0.066667,0.833333,1.000000,1.000000,1.000000,1.000000
582.75,0.966667,0.066667,0.833333,1.000000,1.000000,1.000000,1.000000
583.00,0.966667,0.066667,0.833333,1.000000,1.000000,1.000000,1.000000
583.25,0.966667,0.066667,0.833333,1.000000,1.000000,1.000000,1.000000
583.50,0.966667,0.066667,0.833333,1.000000,1.000000,1.000000,1.000000
583.75,0.966667,0.066667,0.833333,1.000000,1.000000,1.000000,1.000000
584.00,0.966667,0.066667,0.833333,1.000000,1.000000,1.000000,1.000000
584.25,0.966667,0.066667,0.833333,1.000000,1.000000,1.000000,1.000000
584.50,0.966667,0.066667,0.833333,1.000000,1.000000,1.000000,1.000000
584.75,0.966667,0.066667,0.833333,1.000000,1.000000,1.000000,1.000000
585.00,0.966667,0.066667,0.833333,1.000000,1.000000,1.000000,1.000000
585.25,0.966667,0.066667,0.833333,1.000000,1.000000,1.000000,1.000000
585.50,0.966667,0.066667,0.833333,1.000000,1.000000,1.000000,1.000000
585.75,0.966667,0.066667,0.833333,1.000000,1.000000,1.000000,1.000000
586.00,0.966667,0.066667,0.833333,1.000000,1.000000,1.000000,1.000000
586.25,0.966667,0.066667,0.833333,1.000000,1.000000,1.000000,1.000000
586.50,0.966667,0.066667,0.833333,1.000000,1.000000,1.000000,1.000000
586.75,0.966667,0.066667,0.833333,1.000000,1.000000,1.000000,1.000000
587.00,0.966667,0.066667,0.833333,1.000000,1.000000,1.000000,1.000000
587.25,0.966667,0.066667,0.833333,1.000000,1.000000,1.000000,1.000000
587.50,0.966667,0.066667,0.833333,1.000000,1.000000,1.000000,1.000000
587.75,0.966667,0.066667,0.833333,1.000000,1.000000,1.000000,1.000000
588.00,0.966667,0.066667,0.833333,1.000000,1.000000,1.000000,1.000000
588.25,0.966667,0.066667,0.833333,1.000000,1.000000,1.000000,1.000000
588.50,0.966667,0.066667,0.833333,1.000000,1.000000,1.000000,1.000000
588.75,0.966667,0.066667,0.833333,1.000000,1.000000,1.000000,1.000000
589.00,0.966667,0.066667,0.833333,1.000000,1.000000,1.000000,1.000000
589.25,0.966667,0.066667,0.833333,1.000000,1.000000,1.000000,1.000000
589.50,0.966667,0.066667,0.833333,1.000000,1.000000,1.000000,1.000000
589.75,0.966667,0.066667,0.833333,1.000000,1.000000,1.000000,1.000000
590.00,0.966667,0.066667,0.833333,1.000000,1.000000,1.000000,1.000000
590.25,0.966667,0.066667,0.833333,1.000000,1.000000,1.000000,1.000000
590.50,0.966667,0.066667,0.833333,1.000000,1.000000,1.000000,1.000000
590.75,0.966667,0.066667,0.833333,1.000000,1.000000,1.000000,1.000000
591.00,0.966667,0.066667,0.833333,1.000000,1.000000,1.000000,1.000000
591.25,0.966667,0.066667,0.833333,1.000000,1.000000,1.000000,1.000000
591.50,0.966667,0.066667,0.833333,1.000000,1.000000,1.000000,1.000000
591.75,0.966667,0.066667,0.833333,1.000000,1.000000,1.000000,1.000000
592.00,0.966667,0.066667,0.833333,1.000000,1.000000,1.000000,1.000000
592.25,0.966667,0.066667,0.833333,1.000000,1.000000,1.000000,1.000000
592.50,0.966667,0.066667,0.833333,1.000000,1.000000,1.000000,1.000000
592.75,0.966667,0.066667,0.833333,1.000000,1.000000,1.000000,1.000000
593.00,0.966667,0.066667,0.833333,1.000000,1.000000,1.000000,1.000000
593.25,0.966667,0.066667,0.833333,1.000000,1.000000,1.000000,1.000000
593.50,0.966667,0.066667,0.833333,1.000000,1.000000,1.000000,1.000000
593.75,0.966667,0.066667,0.833333,1.000000,1.000000,1.000000,1.000000
594.00,0.966667,0.066667,0.833333,1.000000,1.000000,1.000000,1.000000
594.25,0.933333,0.081650,0.833333,1.000000,1.000000,1.000000,0.833333
594.50,0.933333,0.081650,0.833333,1.000000,1.000000,1.000000,0.833333
594.75,0.933333,0.081650,0.833333,1.000000,1.000000,1.000000,0.833333
595.00,0.933333,0.081650,0.833333,1.000000,1.000000,1.000000,0.833333
595.25,0.933333,0.081650,0.833333,1.000000,1.000000,1.000000,0.833333
595.50,0.933333,0.081650,0.833333,1.000000,1.000000,1.000000,0.833333
595.75,0.933333,0.081650,0.833333,1.000000,1.000000,1.000000,0.833333
596.00,0.933333,0.081650,0.833333,1.000000,1.000000,1.000000,0.833333
596.25,0.933333,0.081650,0.833333,1.000000,1.000000,1.000000,0.833333
596.50,0.933333,0.081650,0.833333,1.000000,1.000000,1.000000,0.833333
596.75,0.933333,0.081650,0.833333,1.000000,1.000000,1.000000,0.833333
597.00,0.966667,0.066667,1.000000,1.000000,1.000000,1.000000,0.833333
597.25,0.966667,0.066667,1.000000,1.000000,1.000000,1.000000,0.833333
597.50,0.966667,0.066667,1.000000,1.000000,1.000000,1.000000,0.833333
597.75,0.966667,0.066667,1.000000,1.000000,1.000000,1.000000,0.833333
598.00,0.966667,0.066667,1.000000,1.000000,1.000000,1.000000,0.833333
598.25,0.966667,0.066667,1.000000,1.000000,1.000000,1.000000,0.833333
598.50,0.966667,0.066667,1.000000,1.000000,1.000000,1.000000,0.833333
598.75,0.966667,0.066667,1.000000,1.000000,1.000000,1.000000,0.833333
599.00,0.966667,0.066667,1.000000,1.000000,1.000000,1.000000,0.833333
599.25,0.966667,0.066667,1.000000,1.000000,1.000000,1.000000,0.833333
599.50,0.966667,0.066667,1.000000,1.000000,1.000000,1.000000,0.833333
599.75,0.966667,0.066667,1.000000,1.000000,1.000000,1.000000,0.833333
600.00,0.966667,0.066667,1.000000,1.000000,1.000000,1.000000,0.833333
